ID,Player,Name,T,R,SR,Mat,Inn,NO,HS,Avg,30s,50s,100s,6s
0,https://scores.iplt20.com/ipl/playerimages/Virat Kohli.png,Virat Kohli,https://scores.iplt20.com/ipl/teamlogos/RCB.png?,741,154,15,15,3,113*,61,4,5,1,38
1,https://scores.iplt20.com/ipl/playerimages/Ruturaj Gaikwad.png,Ruturaj Gaikwad,https://scores.iplt20.com/ipl/teamlogos/CSK.png?,583,141,14,14,3,108*,53,3,4,1,18
2,https://scores.iplt20.com/ipl/playerimages/Riyan Parag.png,Riyan Parag,https://scores.iplt20.com/ipl/teamlogos/RR.png?,573,149,16,14,3,84*,52,5,4,0,33
3,https://scores.iplt20.com/ipl/playerimages/Travis Head.png,Travis Head,https://scores.iplt20.com/ipl/teamlogos/SRH.png?,567,191,15,15,1,102,40,3,4,1,32
4,https://scores.iplt20.com/ipl/playerimages/Sanju Samson.png,Sanju Samson,https://scores.iplt20.com/ipl/teamlogos/RR.png?,531,153,16,15,4,86,48,1,5,0,24
5,https://scores.iplt20.com/ipl/playerimages/Sai Sudharsan.png,Sai Sudharsan,https://scores.iplt20.com/ipl/teamlogos/GT.png?,527,141,12,12,1,103,47,7,2,1,16
6,https://scores.iplt20.com/ipl/playerimages/KL Rahul.png,KL Rahul,https://scores.iplt20.com/ipl/teamlogos/LSG.png?,520,136,14,14,0,82,37,3,4,0,19
7,https://scores.iplt20.com/ipl/playerimages/Nicholas Pooran.png,Nicholas Pooran,https://scores.iplt20.com/ipl/teamlogos/LSG.png?,499,178,14,14,6,75,62,6,3,0,36
8,https://scores.iplt20.com/ipl/playerimages/Sunil Narine.png,Sunil Narine,https://scores.iplt20.com/ipl/teamlogos/KKR.png?,488,180,15,14,0,109,34,1,3,1,33
9,https://scores.iplt20.com/ipl/playerimages/Abhishek Sharma.png,Abhishek Sharma,https://scores.iplt20.com/ipl/teamlogos/SRH.png?,484,204,16,16,1,75*,32,5,3,0,42
10,https://scores.iplt20.com/ipl/playerimages/Heinrich Klaasen.png,Heinrich Klaasen,https://scores.iplt20.com/ipl/teamlogos/SRH.png?,479,171,16,15,3,80*,39,3,4,0,38
11,https://scores.iplt20.com/ipl/playerimages/Rishabh Pant.png,Rishabh Pant,https://scores.iplt20.com/ipl/teamlogos/DC.png?,446,155,13,13,2,88*,40,3,3,0,25
12,https://scores.iplt20.com/ipl/playerimages/Faf du Plessis.png,Faf du Plessis,https://scores.iplt20.com/ipl/teamlogos/RCB.png?,438,161,15,15,0,64,29,2,4,0,21
13,https://scores.iplt20.com/ipl/playerimages/Phil Salt.png,Phil Salt,https://scores.iplt20.com/ipl/teamlogos/KKR.png?,435,182,12,12,1,89*,39,3,4,0,24
14,https://scores.iplt20.com/ipl/playerimages/Yashasvi Jaiswal.png,Yashasvi Jaiswal,https://scores.iplt20.com/ipl/teamlogos/RR.png?,435,155,16,15,1,104*,31,3,1,1,16
15,https://scores.iplt20.com/ipl/playerimages/Shubman Gill.png,Shubman Gill,https://scores.iplt20.com/ipl/teamlogos/GT.png?,426,147,12,12,1,104,38,3,2,1,15
16,https://scores.iplt20.com/ipl/playerimages/Rohit Sharma.png,Rohit Sharma,https://scores.iplt20.com/ipl/teamlogos/MI.png?,417,150,14,14,1,105*,32,4,1,1,23
17,https://scores.iplt20.com/ipl/playerimages/Tilak Varma.png,Tilak Varma,https://scores.iplt20.com/ipl/teamlogos/MI.png?,416,149,13,13,3,65,41,5,3,0,19
18,https://scores.iplt20.com/ipl/playerimages/Shivam Dube.png,Shivam Dube,https://scores.iplt20.com/ipl/teamlogos/CSK.png?,396,162,14,14,3,66,36,3,3,0,28
19,https://scores.iplt20.com/ipl/playerimages/Rajat Patidar.png,Rajat Patidar,https://scores.iplt20.com/ipl/teamlogos/RCB.png?,395,177,15,13,0,55,30,2,5,0,33
20,https://scores.iplt20.com/ipl/playerimages/Marcus Stoinis.png,Marcus Stoinis,https://scores.iplt20.com/ipl/teamlogos/LSG.png?,388,147,14,14,2,124*,32,1,2,1,16
21,https://scores.iplt20.com/ipl/playerimages/Tristan Stubbs.png,Tristan Stubbs,https://scores.iplt20.com/ipl/teamlogos/DC.png?,378,190,14,13,6,71*,54,3,3,0,26
22,https://scores.iplt20.com/ipl/playerimages/Venkatesh Iyer.png,Venkatesh Iyer,https://scores.iplt20.com/ipl/teamlogos/KKR.png?,370,158,15,13,5,70,46,2,4,0,19
23,https://scores.iplt20.com/ipl/playerimages/Jos Buttler.png,Jos Buttler,https://scores.iplt20.com/ipl/teamlogos/RR.png?,359,140,11,11,2,107*,39,2,0,2,12
24,https://scores.iplt20.com/ipl/playerimages/Shashank Singh.png,Shashank Singh,https://scores.iplt20.com/ipl/teamlogos/PBKS.png?,354,164,14,14,6,68*,44,3,2,0,21
25,https://scores.iplt20.com/ipl/playerimages/Shreyas Iyer.png,Shreyas Iyer,https://scores.iplt20.com/ipl/teamlogos/KKR.png?,351,146,15,14,5,58*,39,4,2,0,14
26,https://scores.iplt20.com/ipl/playerimages/Suryakumar Yadav.png,Suryakumar Yadav,https://scores.iplt20.com/ipl/teamlogos/MI.png?,345,167,11,11,1,102*,34,0,3,1,18
27,https://scores.iplt20.com/ipl/playerimages/Prabhsimran Singh.png,Prabhsimran Singh,https://scores.iplt20.com/ipl/teamlogos/PBKS.png?,334,156,14,14,0,71,23,3,2,0,20
28,https://scores.iplt20.com/ipl/playerimages/Jake Fraser-McGurk.png,Jake Fraser-McGurk,https://scores.iplt20.com/ipl/teamlogos/DC.png?,330,234,9,9,0,84,36,0,4,0,28
29,https://scores.iplt20.com/ipl/playerimages/Abishek Porel.png,Abishek Porel,https://scores.iplt20.com/ipl/teamlogos/DC.png?,327,159,14,12,2,65,32,4,2,0,13
30,https://scores.iplt20.com/ipl/playerimages/Dinesh Karthik.png,Dinesh Karthik,https://scores.iplt20.com/ipl/teamlogos/RCB.png?,326,187,15,13,4,83,36,1,2,0,22
31,https://scores.iplt20.com/ipl/playerimages/Ishan Kishan.png,Ishan Kishan,https://scores.iplt20.com/ipl/teamlogos/MI.png?,320,148,14,14,0,69,22,4,1,0,16
32,https://scores.iplt20.com/ipl/playerimages/Daryl Mitchell.png,Daryl Mitchell,https://scores.iplt20.com/ipl/teamlogos/CSK.png?,318,142,13,13,2,63,28,2,2,0,10
33,https://scores.iplt20.com/ipl/playerimages/Nitish Kumar Reddy.png,Nitish Kumar Reddy,https://scores.iplt20.com/ipl/teamlogos/SRH.png?,303,142,13,11,2,76*,33,2,2,0,21
34,https://scores.iplt20.com/ipl/playerimages/Jonny Bairstow.png,Jonny Bairstow,https://scores.iplt20.com/ipl/teamlogos/PBKS.png?,298,152,11,11,1,108*,29,2,0,1,14
35,https://scores.iplt20.com/ipl/playerimages/Sam Curran.png,Sam Curran,https://scores.iplt20.com/ipl/teamlogos/PBKS.png?,270,123,13,12,2,63*,27,0,2,0,6
36,https://scores.iplt20.com/ipl/playerimages/Ravindra Jadeja.png,Ravindra Jadeja,https://scores.iplt20.com/ipl/teamlogos/CSK.png?,267,142,14,11,5,57*,44,3,1,0,8
37,https://scores.iplt20.com/ipl/playerimages/Cameron Green.png,Cameron Green,https://scores.iplt20.com/ipl/teamlogos/RCB.png?,255,143,13,12,4,46,31,5,0,0,10
38,https://scores.iplt20.com/ipl/playerimages/Quinton de Kock.png,Quinton de Kock,https://scores.iplt20.com/ipl/teamlogos/LSG.png?,250,134,11,11,0,81,22,0,3,0,9
39,https://scores.iplt20.com/ipl/playerimages/Ajinkya Rahane.png,Ajinkya Rahane,https://scores.iplt20.com/ipl/teamlogos/CSK.png?,242,123,13,12,0,45,20,4,0,0,7
40,https://scores.iplt20.com/ipl/playerimages/Tim David.png,Tim David,https://scores.iplt20.com/ipl/teamlogos/MI.png?,241,158,13,11,3,45*,30,4,0,0,15
41,https://scores.iplt20.com/ipl/playerimages/Ayush Badoni.png,Ayush Badoni,https://scores.iplt20.com/ipl/teamlogos/LSG.png?,235,137,14,12,4,55*,29,0,2,0,5
42,https://scores.iplt20.com/ipl/playerimages/Axar Patel.png,Axar Patel,https://scores.iplt20.com/ipl/teamlogos/DC.png?,235,131,14,12,4,66,29,0,2,0,10
43,https://scores.iplt20.com/ipl/playerimages/Andre Russell.png,Andre Russell,https://scores.iplt20.com/ipl/teamlogos/KKR.png?,222,185,15,9,2,64*,31,1,1,0,16
44,https://scores.iplt20.com/ipl/playerimages/Rachin Ravindra.png,Rachin Ravindra,https://scores.iplt20.com/ipl/teamlogos/CSK.png?,222,160,10,10,0,61,22,2,1,0,12
45,https://scores.iplt20.com/ipl/playerimages/Aiden Markram.png,Aiden Markram,https://scores.iplt20.com/ipl/teamlogos/SRH.png?,220,124,11,11,2,50,24,3,1,0,4
46,https://scores.iplt20.com/ipl/playerimages/Hardik Pandya.png,Hardik Pandya,https://scores.iplt20.com/ipl/teamlogos/MI.png?,216,143,14,13,1,46,18,3,0,0,11
47,https://scores.iplt20.com/ipl/playerimages/Shahbaz Ahmed.png,Shahbaz Ahmed,https://scores.iplt20.com/ipl/teamlogos/SRH.png?,215,129,16,12,3,59*,23,1,1,0,13
48,https://scores.iplt20.com/ipl/playerimages/Rilee Rossouw.png,Rilee Rossouw,https://scores.iplt20.com/ipl/teamlogos/PBKS.png?,211,181,8,8,0,61,26,2,1,0,11
49,https://scores.iplt20.com/ipl/playerimages/David Miller.png,David Miller,https://scores.iplt20.com/ipl/teamlogos/GT.png?,210,151,9,9,3,55,35,2,1,0,8
50,https://scores.iplt20.com/ipl/playerimages/Prithvi Shaw.png,Prithvi Shaw,https://scores.iplt20.com/ipl/teamlogos/DC.png?,198,163,8,8,0,66,24,2,1,0,5
51,https://scores.iplt20.com/ipl/playerimages/Dhruv Jurel.png,Dhruv Jurel,https://scores.iplt20.com/ipl/teamlogos/RR.png?,195,138,15,11,3,56*,24,0,2,0,7
52,https://scores.iplt20.com/ipl/playerimages/Ashutosh Sharma.png,Ashutosh Sharma,https://scores.iplt20.com/ipl/teamlogos/PBKS.png?,189,167,11,9,2,61,27,3,1,0,15
53,https://scores.iplt20.com/ipl/playerimages/Rahul Tewatia.png,Rahul Tewatia,https://scores.iplt20.com/ipl/teamlogos/GT.png?,188,145,12,9,2,36*,26,3,0,0,5
54,https://scores.iplt20.com/ipl/playerimages/Jitesh Sharma.png,Jitesh Sharma,https://scores.iplt20.com/ipl/teamlogos/PBKS.png?,187,131,14,12,1,32*,17,1,0,0,12
55,https://scores.iplt20.com/ipl/playerimages/Shai Hope.png,Shai Hope,https://scores.iplt20.com/ipl/teamlogos/DC.png?,183,150,9,9,1,41,22,3,0,0,12
56,https://scores.iplt20.com/ipl/playerimages/Abdul Samad.png,Abdul Samad,https://scores.iplt20.com/ipl/teamlogos/SRH.png?,182,168,16,12,2,37*,18,1,0,0,11
57,https://scores.iplt20.com/ipl/playerimages/Rinku Singh.png,Rinku Singh,https://scores.iplt20.com/ipl/teamlogos/KKR.png?,168,148,15,11,2,26,18,0,0,0,8
58,https://scores.iplt20.com/ipl/playerimages/David Warner.png,David Warner,https://scores.iplt20.com/ipl/teamlogos/DC.png?,168,134,8,8,0,52,21,1,1,0,10
59,https://scores.iplt20.com/ipl/playerimages/Rahul Tripathi.png,Rahul Tripathi,https://scores.iplt20.com/ipl/teamlogos/SRH.png?,165,143,6,6,0,55,27,2,1,0,6
60,https://scores.iplt20.com/ipl/playerimages/Angkrish Raghuvanshi.png,Angkrish Raghuvanshi,https://scores.iplt20.com/ipl/teamlogos/KKR.png?,163,155,10,7,0,54,23,2,1,0,8
61,https://scores.iplt20.com/ipl/playerimages/MS Dhoni.png,MS Dhoni,https://scores.iplt20.com/ipl/teamlogos/CSK.png?,161,220,14,11,8,37*,53,1,0,0,13
62,https://scores.iplt20.com/ipl/playerimages/Shikhar Dhawan.png,Shikhar Dhawan,https://scores.iplt20.com/ipl/teamlogos/PBKS.png?,152,125,5,5,0,70,30,1,1,0,4
63,https://scores.iplt20.com/ipl/playerimages/Deepak Hooda.png,Deepak Hooda,https://scores.iplt20.com/ipl/teamlogos/LSG.png?,145,138,11,9,1,50,18,0,1,0,3
64,https://scores.iplt20.com/ipl/playerimages/Naman Dhir.png,Naman Dhir,https://scores.iplt20.com/ipl/teamlogos/MI.png?,140,177,7,7,1,62*,23,1,1,0,10
65,https://scores.iplt20.com/ipl/playerimages/Pat Cummins.png,Pat Cummins,https://scores.iplt20.com/ipl/teamlogos/SRH.png?,136,143,16,10,4,35*,22,3,0,0,8
66,https://scores.iplt20.com/ipl/playerimages/Wriddhiman Saha.png,Wriddhiman Saha,https://scores.iplt20.com/ipl/teamlogos/GT.png?,136,118,9,9,0,39,15,1,0,0,3
67,https://scores.iplt20.com/ipl/playerimages/Krunal Pandya.png,Krunal Pandya,https://scores.iplt20.com/ipl/teamlogos/LSG.png?,133,126,14,12,8,43*,33,1,0,0,5
68,https://scores.iplt20.com/ipl/playerimages/Moeen Ali.png,Moeen Ali,https://scores.iplt20.com/ipl/teamlogos/CSK.png?,128,130,8,5,0,56,25,1,1,0,8
69,https://scores.iplt20.com/ipl/playerimages/Shahrukh Khan.png,Shahrukh Khan,https://scores.iplt20.com/ipl/teamlogos/GT.png?,127,169,7,7,0,58,18,1,1,0,9
70,https://scores.iplt20.com/ipl/playerimages/Ramandeep Singh.png,Ramandeep Singh,https://scores.iplt20.com/ipl/teamlogos/KKR.png?,125,201,15,9,5,35,31,1,0,0,12
71,https://scores.iplt20.com/ipl/playerimages/Mahipal Lomror.png,Mahipal Lomror,https://scores.iplt20.com/ipl/teamlogos/RCB.png?,125,183,10,10,2,33,15,2,0,0,9
72,https://scores.iplt20.com/ipl/playerimages/Shimron Hetmyer.png,Shimron Hetmyer,https://scores.iplt20.com/ipl/teamlogos/RR.png?,113,163,12,9,4,27*,22,0,0,0,7
73,https://scores.iplt20.com/ipl/playerimages/Liam Livingstone.png,Liam Livingstone,https://scores.iplt20.com/ipl/teamlogos/PBKS.png?,111,142,7,7,2,38*,22,1,0,0,7
74,https://scores.iplt20.com/ipl/playerimages/Nehal Wadhera.png,Nehal Wadhera,https://scores.iplt20.com/ipl/teamlogos/MI.png?,109,129,6,6,0,49,18,2,0,0,6
75,https://scores.iplt20.com/ipl/playerimages/Rovman Powell.png,Rovman Powell,https://scores.iplt20.com/ipl/teamlogos/RR.png?,103,151,10,7,1,27,17,0,0,0,6
76,https://scores.iplt20.com/ipl/playerimages/Rashid Khan.png,Rashid Khan,https://scores.iplt20.com/ipl/teamlogos/GT.png?,102,143,12,8,3,31,20,1,0,0,3
77,https://scores.iplt20.com/ipl/playerimages/Anuj Rawat.png,Anuj Rawat,https://scores.iplt20.com/ipl/teamlogos/RCB.png?,98,127,5,5,1,48,24,1,0,0,3
78,https://scores.iplt20.com/ipl/playerimages/Ravichandran Ashwin.png,Ravichandran Ashwin,https://scores.iplt20.com/ipl/teamlogos/RR.png?,86,116,15,9,3,29,14,0,0,0,4
79,https://scores.iplt20.com/ipl/playerimages/Arshad Khan.png,Arshad Khan,https://scores.iplt20.com/ipl/teamlogos/LSG.png?,83,153,4,4,2,58*,41,0,1,0,5
80,https://scores.iplt20.com/ipl/playerimages/Vijay Shankar.png,Vijay Shankar,https://scores.iplt20.com/ipl/teamlogos/GT.png?,83,115,7,7,2,17,16,0,0,0,2
81,https://scores.iplt20.com/ipl/playerimages/Harpreet Brar.png,Harpreet Brar,https://scores.iplt20.com/ipl/teamlogos/PBKS.png?,75,138,13,7,5,29,37,0,0,0,2
82,https://scores.iplt20.com/ipl/playerimages/Dewald Brevis.png,Dewald Brevis,https://scores.iplt20.com/ipl/teamlogos/MI.png?,69,116,3,3,0,46,23,1,0,0,5
83,https://scores.iplt20.com/ipl/playerimages/Mayank Agarwal.png,Mayank Agarwal,https://scores.iplt20.com/ipl/teamlogos/SRH.png?,64,112,4,4,0,32,16,1,0,0,1
84,https://scores.iplt20.com/ipl/playerimages/Rahmanullah Gurbaz.png,Rahmanullah Gurbaz,https://scores.iplt20.com/ipl/teamlogos/KKR.png?,62,134,3,2,0,39,31,1,0,0,4
85,https://scores.iplt20.com/ipl/playerimages/Mitchell Marsh.png,Mitchell Marsh,https://scores.iplt20.com/ipl/teamlogos/DC.png?,61,160,4,4,0,23,15,0,0,0,3
86,https://scores.iplt20.com/ipl/playerimages/Atharva Taide.png,Atharva Taide,https://scores.iplt20.com/ipl/teamlogos/PBKS.png?,61,156,2,2,0,46,30,1,0,0,2
87,https://scores.iplt20.com/ipl/playerimages/Romario Shepherd.png,Romario Shepherd,https://scores.iplt20.com/ipl/teamlogos/MI.png?,57,271,6,5,3,39*,28,1,0,0,5
88,https://scores.iplt20.com/ipl/playerimages/Glenn Maxwell.png,Glenn Maxwell,https://scores.iplt20.com/ipl/teamlogos/RCB.png?,52,120,10,9,0,28,5,0,0,0,2
89,https://scores.iplt20.com/ipl/playerimages/Sameer Rizvi.png,Sameer Rizvi,https://scores.iplt20.com/ipl/teamlogos/CSK.png?,51,118,8,5,1,21,12,0,0,0,2
90,https://scores.iplt20.com/ipl/playerimages/Tom Kohler-Cadmore.png,Tom Kohler-Cadmore,https://scores.iplt20.com/ipl/teamlogos/RR.png?,48,88,4,3,0,20,16,0,0,0,1
91,https://scores.iplt20.com/ipl/playerimages/Kuldeep Yadav.png,Kuldeep Yadav,https://scores.iplt20.com/ipl/teamlogos/DC.png?,47,114,11,5,2,35*,15,1,0,0,1
92,https://scores.iplt20.com/ipl/playerimages/Sikandar Raza.png,Sikandar Raza,https://scores.iplt20.com/ipl/teamlogos/PBKS.png?,43,113,2,2,0,28,21,0,0,0,2
93,https://scores.iplt20.com/ipl/playerimages/Manish Pandey.png,Manish Pandey,https://scores.iplt20.com/ipl/teamlogos/KKR.png?,42,135,2,1,0,42,42,1,0,0,2
94,https://scores.iplt20.com/ipl/playerimages/Azmatullah Omarzai.png,Azmatullah Omarzai,https://scores.iplt20.com/ipl/teamlogos/GT.png?,42,127,7,4,0,17,10,0,0,0,2
95,https://scores.iplt20.com/ipl/playerimages/Nitish Rana.png,Nitish Rana,https://scores.iplt20.com/ipl/teamlogos/KKR.png?,42,123,3,2,0,33,21,1,0,0,1
96,https://scores.iplt20.com/ipl/playerimages/Devdutt Padikkal.png,Devdutt Padikkal,https://scores.iplt20.com/ipl/teamlogos/LSG.png?,38,71,7,7,0,13,5,0,0,0,0
97,https://scores.iplt20.com/ipl/playerimages/Swapnil Singh.png,Swapnil Singh,https://scores.iplt20.com/ipl/teamlogos/RCB.png?,37,176,7,5,3,15*,18,0,0,0,3
98,https://scores.iplt20.com/ipl/playerimages/Mohammad Nabi.png,Mohammad Nabi,https://scores.iplt20.com/ipl/teamlogos/MI.png?,35,112,7,5,1,23,8,0,0,0,2
99,https://scores.iplt20.com/ipl/playerimages/Shubham Dubey.png,Shubham Dubey,https://scores.iplt20.com/ipl/teamlogos/RR.png?,33,173,4,3,1,25,16,0,0,0,2
100,https://scores.iplt20.com/ipl/playerimages/Karn Sharma.png,Karn Sharma,https://scores.iplt20.com/ipl/teamlogos/RCB.png?,31,206,9,3,0,20,10,0,0,0,3
101,https://scores.iplt20.com/ipl/playerimages/Rasikh Dar.png,Rasikh Dar,https://scores.iplt20.com/ipl/teamlogos/DC.png?,28,93,8,4,0,10,7,0,0,0,0
102,https://scores.iplt20.com/ipl/playerimages/Kane Williamson.png,Kane Williamson,https://scores.iplt20.com/ipl/teamlogos/GT.png?,27,100,2,2,0,26,13,0,0,0,0
103,https://scores.iplt20.com/ipl/playerimages/Harpreet Singh.png,Harpreet Singh,https://scores.iplt20.com/ipl/teamlogos/PBKS.png?,27,79,2,2,0,14,13,0,0,0,0
104,https://scores.iplt20.com/ipl/playerimages/Suyash Prabhudessai.png,Suyash Prabhudessai,https://scores.iplt20.com/ipl/teamlogos/RCB.png?,24,133,1,1,0,24,24,0,0,0,0
105,https://scores.iplt20.com/ipl/playerimages/Jaydev Unadkat.png,Jaydev Unadkat,https://scores.iplt20.com/ipl/teamlogos/SRH.png?,24,92,11,5,2,8*,8,0,0,0,1
106,https://scores.iplt20.com/ipl/playerimages/Tanush Kotian.png,Tanush Kotian,https://scores.iplt20.com/ipl/teamlogos/RR.png?,24,77,1,1,0,24,24,0,0,0,0
107,https://scores.iplt20.com/ipl/playerimages/Bhuvneshwar Kumar.png,Bhuvneshwar Kumar,https://scores.iplt20.com/ipl/teamlogos/SRH.png?,23,79,16,5,2,13,7,0,0,0,0
108,https://scores.iplt20.com/ipl/playerimages/Yudhvir Singh.png,Yudhvir Singh,https://scores.iplt20.com/ipl/teamlogos/LSG.png?,21,150,2,2,0,14,10,0,0,0,2
109,https://scores.iplt20.com/ipl/playerimages/Rahul Chahar.png,Rahul Chahar,https://scores.iplt20.com/ipl/teamlogos/PBKS.png?,21,140,9,2,1,16,21,0,0,0,1
110,https://scores.iplt20.com/ipl/playerimages/Shardul Thakur.png,Shardul Thakur,https://scores.iplt20.com/ipl/teamlogos/CSK.png?,21,123,9,3,2,17,21,0,0,0,1
111,https://scores.iplt20.com/ipl/playerimages/Ashton Turner.png,Ashton Turner,https://scores.iplt20.com/ipl/teamlogos/LSG.png?,21,116,2,2,0,16,10,0,0,0,2
112,https://scores.iplt20.com/ipl/playerimages/Kagiso Rabada.png,Kagiso Rabada,https://scores.iplt20.com/ipl/teamlogos/PBKS.png?,20,142,11,3,2,11*,20,0,0,0,2
113,https://scores.iplt20.com/ipl/playerimages/Gulbadin Naib.png,Gulbadin Naib,https://scores.iplt20.com/ipl/teamlogos/DC.png?,19,126,2,1,0,19,19,0,0,0,1
114,https://scores.iplt20.com/ipl/playerimages/Marco Jansen.png,Marco Jansen,https://scores.iplt20.com/ipl/teamlogos/SRH.png?,18,138,3,2,1,17,18,0,0,0,1
115,https://scores.iplt20.com/ipl/playerimages/Saurav Chauhan.png,Saurav Chauhan,https://scores.iplt20.com/ipl/teamlogos/RCB.png?,18,120,3,3,0,9,6,0,0,0,1
116,https://scores.iplt20.com/ipl/playerimages/Sumit Kumar.png,Sumit Kumar,https://scores.iplt20.com/ipl/teamlogos/DC.png?,18,75,4,3,1,9*,9,0,0,0,1
117,https://scores.iplt20.com/ipl/playerimages/Piyush Chawla.png,Piyush Chawla,https://scores.iplt20.com/ipl/teamlogos/MI.png?,15,100,11,6,2,10,3,0,0,0,1
118,https://scores.iplt20.com/ipl/playerimages/Sanvir Singh.png,Sanvir Singh,https://scores.iplt20.com/ipl/teamlogos/SRH.png?,14,116,4,3,2,8*,14,0,0,0,0
119,https://scores.iplt20.com/ipl/playerimages/Trent Boult.png,Trent Boult,https://scores.iplt20.com/ipl/teamlogos/RR.png?,14,87,16,5,3,12,7,0,0,0,0
120,https://scores.iplt20.com/ipl/playerimages/Mitchell Santner.png,Mitchell Santner,https://scores.iplt20.com/ipl/teamlogos/CSK.png?,14,82,3,3,0,11,4,0,0,0,0
121,https://scores.iplt20.com/ipl/playerimages/Gerald Coetzee.png,Gerald Coetzee,https://scores.iplt20.com/ipl/teamlogos/MI.png?,14,63,10,5,1,8,3,0,0,0,1
122,https://scores.iplt20.com/ipl/playerimages/Sai Kishore.png,Sai Kishore,https://scores.iplt20.com/ipl/teamlogos/GT.png?,13,216,5,2,1,13,13,0,0,0,2
123,https://scores.iplt20.com/ipl/playerimages/Harshal Patel.png,Harshal Patel,https://scores.iplt20.com/ipl/teamlogos/PBKS.png?,13,68,14,4,1,12,4,0,0,0,1
124,https://scores.iplt20.com/ipl/playerimages/Mohammed Siraj.png,Mohammed Siraj,https://scores.iplt20.com/ipl/teamlogos/RCB.png?,12,150,14,3,1,12,6,0,0,0,2
125,https://scores.iplt20.com/ipl/playerimages/Darshan Nalkande.png,Darshan Nalkande,https://scores.iplt20.com/ipl/teamlogos/GT.png?,12,109,3,1,0,12,12,0,0,0,1
126,https://scores.iplt20.com/ipl/playerimages/Jasprit Bumrah.png,Jasprit Bumrah,https://scores.iplt20.com/ipl/teamlogos/MI.png?,12,100,13,4,4,8*,-,0,0,0,0
127,https://scores.iplt20.com/ipl/playerimages/Umesh Yadav.png,Umesh Yadav,https://scores.iplt20.com/ipl/teamlogos/GT.png?,12,80,7,2,1,10*,12,0,0,0,1
128,https://scores.iplt20.com/ipl/playerimages/Avesh Khan.png,Avesh Khan,https://scores.iplt20.com/ipl/teamlogos/RR.png?,10,200,16,3,3,7*,-,0,0,0,0
129,https://scores.iplt20.com/ipl/playerimages/Lalit Yadav.png,Lalit Yadav,https://scores.iplt20.com/ipl/teamlogos/DC.png?,10,83,2,2,0,7,5,0,0,0,0
130,https://scores.iplt20.com/ipl/playerimages/Luke Wood.png,Luke Wood,https://scores.iplt20.com/ipl/teamlogos/MI.png?,9,300,2,1,1,9*,-,0,0,0,1
131,https://scores.iplt20.com/ipl/playerimages/Arshin Kulkarni.png,Arshin Kulkarni,https://scores.iplt20.com/ipl/teamlogos/LSG.png?,9,112,2,2,0,9,4,0,0,0,0
132,https://scores.iplt20.com/ipl/playerimages/Mitchell Starc.png,Mitchell Starc,https://scores.iplt20.com/ipl/teamlogos/KKR.png?,9,81,14,5,3,6*,4,0,0,0,0
133,https://scores.iplt20.com/ipl/playerimages/Abhinav Manohar.png,Abhinav Manohar,https://scores.iplt20.com/ipl/teamlogos/GT.png?,9,56,2,2,0,8,4,0,0,0,0
134,https://scores.iplt20.com/ipl/playerimages/Donovan Ferreira.png,Donovan Ferreira,https://scores.iplt20.com/ipl/teamlogos/RR.png?,8,72,2,2,0,7,4,0,0,0,0
135,https://scores.iplt20.com/ipl/playerimages/Vijayakanth Viyaskanth.png,Vijayakanth Viyaskanth,https://scores.iplt20.com/ipl/teamlogos/SRH.png?,7,140,3,1,1,7*,-,0,0,0,0
136,https://scores.iplt20.com/ipl/playerimages/Spencer Johnson.png,Spencer Johnson,https://scores.iplt20.com/ipl/teamlogos/GT.png?,6,85,5,3,3,5*,-,0,0,0,0
137,https://scores.iplt20.com/ipl/playerimages/Anmolpreet Singh.png,Anmolpreet Singh,https://scores.iplt20.com/ipl/teamlogos/SRH.png?,5,83,2,2,0,5,2,0,0,0,0
138,https://scores.iplt20.com/ipl/playerimages/Noor Ahmad.png,Noor Ahmad,https://scores.iplt20.com/ipl/teamlogos/GT.png?,5,55,10,4,2,4,2,0,0,0,0
139,https://scores.iplt20.com/ipl/playerimages/Arshdeep Singh.png,Arshdeep Singh,https://scores.iplt20.com/ipl/teamlogos/PBKS.png?,4,133,14,1,0,4,4,0,0,0,0
140,https://scores.iplt20.com/ipl/playerimages/Akash Madhwal.png,Akash Madhwal,https://scores.iplt20.com/ipl/teamlogos/MI.png?,4,80,5,1,1,4*,-,0,0,0,0
141,https://scores.iplt20.com/ipl/playerimages/Matthew Wade.png,Matthew Wade,https://scores.iplt20.com/ipl/teamlogos/GT.png?,4,66,2,1,0,4,4,0,0,0,0
142,https://scores.iplt20.com/ipl/playerimages/Ravi Bishnoi.png,Ravi Bishnoi,https://scores.iplt20.com/ipl/teamlogos/LSG.png?,4,66,14,3,0,2,1,0,0,0,0
143,https://scores.iplt20.com/ipl/playerimages/Anrich Nortje.png,Anrich Nortje,https://scores.iplt20.com/ipl/teamlogos/DC.png?,4,50,6,2,0,4,2,0,0,0,0
144,https://scores.iplt20.com/ipl/playerimages/Anukul Roy.png,Anukul Roy,https://scores.iplt20.com/ipl/teamlogos/KKR.png?,3,100,4,1,1,3*,-,0,0,0,0
145,https://scores.iplt20.com/ipl/playerimages/Reece Topley.png,Reece Topley,https://scores.iplt20.com/ipl/teamlogos/RCB.png?,3,50,4,1,1,3*,-,0,0,0,0
146,https://scores.iplt20.com/ipl/playerimages/Kumar Kushagra.png,Kumar Kushagra,https://scores.iplt20.com/ipl/teamlogos/DC.png?,3,42,4,3,0,2,1,0,0,0,0
147,https://scores.iplt20.com/ipl/playerimages/Mukesh Kumar.png,Mukesh Kumar,https://scores.iplt20.com/ipl/teamlogos/DC.png?,3,33,10,2,1,3,3,0,0,0,0
148,https://scores.iplt20.com/ipl/playerimages/Ricky Bhui.png,Ricky Bhui,https://scores.iplt20.com/ipl/teamlogos/DC.png?,3,33,2,2,0,3,1,0,0,0,0
149,https://scores.iplt20.com/ipl/playerimages/Mohsin Khan.png,Mohsin Khan,https://scores.iplt20.com/ipl/teamlogos/LSG.png?,2,200,10,1,0,2,2,0,0,0,0
