,ID,Name,Runs_scored,Bat_Strike,Mat,Inn,NO,HS,Bat_Avg,30s,50s,100s,6s,Wickets_Taken,Ball_Avg,Ovr,Runs_conceeded,BBF,EC,Ball_Strike,3w,5w,Mdns,Team,Player,role,batting_style,bowling_style
0,0.0,Abdul Samad,182.0,168.0,16.0,12.0,2.0,37*,18,1.0,0.0,0.0,11.0,0.0,0.0,0.0,0.0,0,0.0,0.0,0.0,0.0,0.0,https://scores.iplt20.com/ipl/teamlogos/SRH.png?,https://scores.iplt20.com/ipl/playerimages/Abdul Samad.png,Batter,Right hand Bat,Legbreak
1,1.0,Abhinav Manohar,9.0,56.0,2.0,2.0,0.0,8,4,0.0,0.0,0.0,0.0,0.0,0.0,0.0,0.0,0,0.0,0.0,0.0,0.0,0.0,https://scores.iplt20.com/ipl/teamlogos/GT.png?,https://scores.iplt20.com/ipl/playerimages/Abhinav Manohar.png,Batting Allrounder,Right hand Bat,Legbreak Googly
2,2.0,Abhishek Sharma,484.0,204.0,16.0,16.0,1.0,75*,32,5.0,3.0,0.0,42.0,2.0,25.0,7.0,51.0,2/24,7.0,21.0,0.0,0.0,0.0,https://scores.iplt20.com/ipl/teamlogos/SRH.png?,https://scores.iplt20.com/ipl/playerimages/Abhishek Sharma.png,Allrounder,Left hand Bat,Slow Left arm Orthodox
3,3.0,Abishek Porel,327.0,159.0,14.0,12.0,2.0,65,32,4.0,2.0,0.0,13.0,0.0,0.0,0.0,0.0,0,0.0,0.0,0.0,0.0,0.0,https://scores.iplt20.com/ipl/teamlogos/DC.png?,https://scores.iplt20.com/ipl/playerimages/Abishek Porel.png,Wicketkeeper Batter,Left hand Bat,DNB
4,4.0,Aiden Markram,220.0,124.0,11.0,11.0,2.0,50,24,3.0,1.0,0.0,4.0,0.0,0.0,0.0,0.0,0,0.0,0.0,0.0,0.0,0.0,https://scores.iplt20.com/ipl/teamlogos/SRH.png?,https://scores.iplt20.com/ipl/playerimages/Aiden Markram.png,Opening Batter,Right hand Bat,Right arm Offbreak
5,5.0,Ajinkya Rahane,242.0,123.0,13.0,12.0,0.0,45,20,4.0,0.0,0.0,7.0,0.0,0.0,0.0,0.0,0,0.0,0.0,0.0,0.0,0.0,https://scores.iplt20.com/ipl/teamlogos/CSK.png?,https://scores.iplt20.com/ipl/playerimages/Ajinkya Rahane.png,Top order Batter,Right hand Bat,Right arm Medium
6,6.0,Akash Deep,0.0,0.0,0.0,0.0,0.0,0,0,0.0,0.0,0.0,0.0,1.0,55.0,3.0,55.0,1/55,15.0,21.0,0.0,0.0,0.0,https://scores.iplt20.com/ipl/teamlogos/RCB.png?,https://scores.iplt20.com/ipl/playerimages/Akash Deep.png,Bowling Allrounder,Right hand Bat,Right arm Fast medium
7,7.0,Akash Madhwal,4.0,80.0,5.0,1.0,1.0,4*,-,0.0,0.0,0.0,0.0,5.0,41.0,18.0,205.0,3/20,11.0,21.0,1.0,0.0,0.0,https://scores.iplt20.com/ipl/teamlogos/MI.png?,https://scores.iplt20.com/ipl/playerimages/Akash Madhwal.png,Bowler,Right hand Bat,Right arm Medium fast
8,8.0,Alzarri Joseph,0.0,0.0,0.0,0.0,0.0,0,0,0.0,0.0,0.0,0.0,1.0,115.0,9.0,115.0,1/43,11.0,58.0,0.0,0.0,0.0,https://scores.iplt20.com/ipl/teamlogos/RCB.png?,https://scores.iplt20.com/ipl/playerimages/Alzarri Joseph.png,Bowler,Right hand Bat,Right arm Fast
9,9.0,Amit Mishra,0.0,0.0,0.0,0.0,0.0,0,0,0.0,0.0,0.0,0.0,1.0,20.0,2.0,20.0,1/20,10.0,12.0,0.0,0.0,0.0,https://scores.iplt20.com/ipl/teamlogos/LSG.png?,https://scores.iplt20.com/ipl/playerimages/Amit Mishra.png,Bowler,Right hand Bat,Legbreak
10,10.0,Andre Russell,222.0,185.0,15.0,9.0,2.0,64*,31,1.0,1.0,0.0,16.0,19.0,15.0,29.0,295.0,3/19,10.0,9.0,2.0,0.0,0.0,https://scores.iplt20.com/ipl/teamlogos/KKR.png?,https://scores.iplt20.com/ipl/playerimages/Andre Russell.png,Allrounder,Right hand Bat,Right arm Fast
11,11.0,Angkrish Raghuvanshi,163.0,155.0,10.0,7.0,0.0,54,23,2.0,1.0,0.0,8.0,0.0,0.0,0.0,0.0,0,0.0,0.0,0.0,0.0,0.0,https://scores.iplt20.com/ipl/teamlogos/KKR.png?,https://scores.iplt20.com/ipl/playerimages/Angkrish Raghuvanshi.png,,,
12,12.0,Anmolpreet Singh,5.0,83.0,2.0,2.0,0.0,5,2,0.0,0.0,0.0,0.0,0.0,0.0,0.0,0.0,0,0.0,0.0,0.0,0.0,0.0,https://scores.iplt20.com/ipl/teamlogos/SRH.png?,https://scores.iplt20.com/ipl/playerimages/Anmolpreet Singh.png,Batter,Right hand Bat,Right arm Offbreak
13,13.0,Anrich Nortje,4.0,50.0,6.0,2.0,0.0,4,2,0.0,0.0,0.0,0.0,7.0,42.0,22.0,294.0,3/59,13.0,18.0,1.0,0.0,0.0,https://scores.iplt20.com/ipl/teamlogos/DC.png?,https://scores.iplt20.com/ipl/playerimages/Anrich Nortje.png,Bowler,Right hand Bat,Right arm Fast
14,14.0,Anshul Kamboj,0.0,0.0,0.0,0.0,0.0,0,0,0.0,0.0,0.0,0.0,2.0,57.0,10.0,114.0,1/24,11.0,30.0,0.0,0.0,0.0,https://scores.iplt20.com/ipl/teamlogos/MI.png?,https://scores.iplt20.com/ipl/playerimages/Anshul Kamboj.png,,,
15,15.0,Anuj Rawat,98.0,127.0,5.0,5.0,1.0,48,24,1.0,0.0,0.0,3.0,0.0,0.0,0.0,0.0,0,0.0,0.0,0.0,0.0,0.0,https://scores.iplt20.com/ipl/teamlogos/RCB.png?,https://scores.iplt20.com/ipl/playerimages/Anuj Rawat.png,Wicketkeeper Batter,Left hand Bat,DNB
16,16.0,Anukul Roy,3.0,100.0,4.0,1.0,1.0,3*,-,0.0,0.0,0.0,0.0,0.0,0.0,0.0,0.0,0,0.0,0.0,0.0,0.0,0.0,https://scores.iplt20.com/ipl/teamlogos/KKR.png?,https://scores.iplt20.com/ipl/playerimages/Anukul Roy.png,Allrounder,Left hand Bat,Slow Left arm Orthodox
17,17.0,Arshad Khan,83.0,153.0,4.0,4.0,2.0,58*,41,0.0,1.0,0.0,5.0,1.0,114.0,10.0,114.0,1/45,11.0,61.0,0.0,0.0,0.0,https://scores.iplt20.com/ipl/teamlogos/LSG.png?,https://scores.iplt20.com/ipl/playerimages/Arshad Khan.png,Bowler,Left hand Bat,Left arm Medium
18,18.0,Arshdeep Singh,4.0,133.0,14.0,1.0,0.0,4,4,0.0,0.0,0.0,0.0,19.0,26.0,50.0,505.0,4/29,10.0,15.0,1.0,0.0,0.0,https://scores.iplt20.com/ipl/teamlogos/PBKS.png?,https://scores.iplt20.com/ipl/playerimages/Arshdeep Singh.png,Bowler,Left hand Bat,Left arm Medium fast
19,19.0,Arshin Kulkarni,9.0,112.0,2.0,2.0,0.0,9,4,0.0,0.0,0.0,0.0,0.0,0.0,0.0,0.0,0,0.0,0.0,0.0,0.0,0.0,https://scores.iplt20.com/ipl/teamlogos/LSG.png?,https://scores.iplt20.com/ipl/playerimages/Arshin Kulkarni.png,,,
20,20.0,Ashton Turner,21.0,116.0,2.0,2.0,0.0,16,10,0.0,0.0,0.0,2.0,0.0,0.0,0.0,0.0,0,0.0,0.0,0.0,0.0,0.0,https://scores.iplt20.com/ipl/teamlogos/LSG.png?,https://scores.iplt20.com/ipl/playerimages/Ashton Turner.png,,,
21,21.0,Ashutosh Sharma,189.0,167.0,11.0,9.0,2.0,61,27,3.0,1.0,0.0,15.0,0.0,0.0,0.0,0.0,0,0.0,0.0,0.0,0.0,0.0,https://scores.iplt20.com/ipl/teamlogos/PBKS.png?,https://scores.iplt20.com/ipl/playerimages/Ashutosh Sharma.png,,,
22,22.0,Atharva Taide,61.0,156.0,2.0,2.0,0.0,46,30,1.0,0.0,0.0,2.0,0.0,0.0,0.0,0.0,0,0.0,0.0,0.0,0.0,0.0,https://scores.iplt20.com/ipl/teamlogos/PBKS.png?,https://scores.iplt20.com/ipl/playerimages/Atharva Taide.png,Batting Allrounder,Left hand Bat,Slow Left arm Orthodox
23,23.0,Avesh Khan,10.0,200.0,16.0,3.0,3.0,7*,-,0.0,0.0,0.0,0.0,19.0,27.0,54.0,526.0,3/27,9.0,17.0,2.0,0.0,0.0,https://scores.iplt20.com/ipl/teamlogos/RR.png?,https://scores.iplt20.com/ipl/playerimages/Avesh Khan.png,Bowler,Right hand Bat,Right arm Fast medium
24,24.0,Axar Patel,235.0,131.0,14.0,12.0,4.0,66,29,0.0,2.0,0.0,10.0,11.0,30.0,44.0,337.0,2/25,7.0,24.0,0.0,0.0,0.0,https://scores.iplt20.com/ipl/teamlogos/DC.png?,https://scores.iplt20.com/ipl/playerimages/Axar Patel.png,Bowling Allrounder,Left hand Bat,Slow Left arm Orthodox
25,25.0,Ayush Badoni,235.0,137.0,14.0,12.0,4.0,55*,29,0.0,2.0,0.0,5.0,0.0,0.0,0.0,0.0,0,0.0,0.0,0.0,0.0,0.0,https://scores.iplt20.com/ipl/teamlogos/LSG.png?,https://scores.iplt20.com/ipl/playerimages/Ayush Badoni.png,Batter,Right hand Bat,Right arm Offbreak
26,26.0,Azmatullah Omarzai,42.0,127.0,7.0,4.0,0.0,17,10,0.0,0.0,0.0,2.0,4.0,46.0,21.0,186.0,2/27,8.0,31.0,0.0,0.0,0.0,https://scores.iplt20.com/ipl/teamlogos/GT.png?,https://scores.iplt20.com/ipl/playerimages/Azmatullah Omarzai.png,,,
27,27.0,Bhuvneshwar Kumar,23.0,79.0,16.0,5.0,2.0,13,7,0.0,0.0,0.0,0.0,11.0,48.0,57.0,533.0,3/41,9.0,31.0,1.0,0.0,2.0,https://scores.iplt20.com/ipl/teamlogos/SRH.png?,https://scores.iplt20.com/ipl/playerimages/Bhuvneshwar Kumar.png,Bowler,Right hand Bat,Right arm Medium
28,28.0,Cameron Green,255.0,143.0,13.0,12.0,4.0,46,31,5.0,0.0,0.0,10.0,10.0,30.0,35.0,303.0,2/12,8.0,21.0,0.0,0.0,0.0,https://scores.iplt20.com/ipl/teamlogos/RCB.png?,https://scores.iplt20.com/ipl/playerimages/Cameron Green.png,Batting Allrounder,Right hand Bat,Right arm Fast medium
29,29.0,Darshan Nalkande,12.0,109.0,3.0,1.0,0.0,12,12,0.0,0.0,0.0,1.0,3.0,15.0,4.0,45.0,2/21,9.0,9.0,0.0,0.0,0.0,https://scores.iplt20.com/ipl/teamlogos/GT.png?,https://scores.iplt20.com/ipl/playerimages/Darshan Nalkande.png,Bowler,Right hand Bat,Right arm Fast medium
30,30.0,Daryl Mitchell,318.0,142.0,13.0,13.0,2.0,63,28,2.0,2.0,0.0,10.0,1.0,70.0,6.0,70.0,1/18,11.0,36.0,0.0,0.0,0.0,https://scores.iplt20.com/ipl/teamlogos/CSK.png?,https://scores.iplt20.com/ipl/playerimages/Daryl Mitchell.png,,,
31,31.0,David Miller,210.0,151.0,9.0,9.0,3.0,55,35,2.0,1.0,0.0,8.0,0.0,0.0,0.0,0.0,0,0.0,0.0,0.0,0.0,0.0,https://scores.iplt20.com/ipl/teamlogos/GT.png?,https://scores.iplt20.com/ipl/playerimages/David Miller.png,Middle order Batter,Left hand Bat,Right arm Offbreak
32,32.0,David Warner,168.0,134.0,8.0,8.0,0.0,52,21,1.0,1.0,0.0,10.0,0.0,0.0,0.0,0.0,0,0.0,0.0,0.0,0.0,0.0,https://scores.iplt20.com/ipl/teamlogos/DC.png?,https://scores.iplt20.com/ipl/playerimages/David Warner.png,Opening Batter,Left hand Bat,Legbreak
33,33.0,Deepak Chahar,0.0,0.0,0.0,0.0,0.0,0,0,0.0,0.0,0.0,0.0,5.0,40.0,23.0,202.0,2/28,8.0,28.0,0.0,0.0,0.0,https://scores.iplt20.com/ipl/teamlogos/CSK.png?,https://scores.iplt20.com/ipl/playerimages/Deepak Chahar.png,Bowler,Right hand Bat,Right arm Medium
34,34.0,Deepak Hooda,145.0,138.0,11.0,9.0,1.0,50,18,0.0,1.0,0.0,3.0,0.0,0.0,0.0,0.0,0,0.0,0.0,0.0,0.0,0.0,https://scores.iplt20.com/ipl/teamlogos/LSG.png?,https://scores.iplt20.com/ipl/playerimages/Deepak Hooda.png,Allrounder,Right hand Bat,Right arm Offbreak
35,35.0,Devdutt Padikkal,38.0,71.0,7.0,7.0,0.0,13,5,0.0,0.0,0.0,0.0,0.0,0.0,0.0,0.0,0,0.0,0.0,0.0,0.0,0.0,https://scores.iplt20.com/ipl/teamlogos/LSG.png?,https://scores.iplt20.com/ipl/playerimages/Devdutt Padikkal.png,Top order Batter,Left hand Bat,Right arm Offbreak
36,36.0,Dewald Brevis,69.0,116.0,3.0,3.0,0.0,46,23,1.0,0.0,0.0,5.0,0.0,0.0,0.0,0.0,0,0.0,0.0,0.0,0.0,0.0,https://scores.iplt20.com/ipl/teamlogos/MI.png?,https://scores.iplt20.com/ipl/playerimages/Dewald Brevis.png,Batting Allrounder,Right hand Bat,Legbreak
37,37.0,Dhruv Jurel,195.0,138.0,15.0,11.0,3.0,56*,24,0.0,2.0,0.0,7.0,0.0,0.0,0.0,0.0,0,0.0,0.0,0.0,0.0,0.0,https://scores.iplt20.com/ipl/teamlogos/RR.png?,https://scores.iplt20.com/ipl/playerimages/Dhruv Jurel.png,Wicketkeeper Batter,Right hand Bat,DNB
38,38.0,Dinesh Karthik,326.0,187.0,15.0,13.0,4.0,83,36,1.0,2.0,0.0,22.0,0.0,0.0,0.0,0.0,0,0.0,0.0,0.0,0.0,0.0,https://scores.iplt20.com/ipl/teamlogos/RCB.png?,https://scores.iplt20.com/ipl/playerimages/Dinesh Karthik.png,Wicketkeeper Batter,Right hand Bat,Right arm Offbreak
39,39.0,Donovan Ferreira,8.0,72.0,2.0,2.0,0.0,7,4,0.0,0.0,0.0,0.0,0.0,0.0,0.0,0.0,0,0.0,0.0,0.0,0.0,0.0,https://scores.iplt20.com/ipl/teamlogos/RR.png?,https://scores.iplt20.com/ipl/playerimages/Donovan Ferreira.png,Allrounder,Right hand Bat,DNB
40,40.0,Faf du Plessis,438.0,161.0,15.0,15.0,0.0,64,29,2.0,4.0,0.0,21.0,0.0,0.0,0.0,0.0,0,0.0,0.0,0.0,0.0,0.0,https://scores.iplt20.com/ipl/teamlogos/RCB.png?,https://scores.iplt20.com/ipl/playerimages/Faf du Plessis.png,Middle order Batter,Right hand Bat,Legbreak
41,41.0,Gerald Coetzee,14.0,63.0,10.0,5.0,1.0,8,3,0.0,0.0,0.0,1.0,13.0,26.0,33.0,341.0,4/34,10.0,15.0,2.0,0.0,0.0,https://scores.iplt20.com/ipl/teamlogos/MI.png?,https://scores.iplt20.com/ipl/playerimages/Gerald Coetzee.png,,,
42,42.0,Glenn Maxwell,52.0,120.0,10.0,9.0,0.0,28,5,0.0,0.0,0.0,2.0,6.0,21.0,16.0,129.0,2/23,8.0,16.0,0.0,0.0,0.0,https://scores.iplt20.com/ipl/teamlogos/RCB.png?,https://scores.iplt20.com/ipl/playerimages/Glenn Maxwell.png,Batting Allrounder,Right hand Bat,Right arm Offbreak
43,43.0,Gulbadin Naib,19.0,126.0,2.0,1.0,0.0,19,19,0.0,0.0,0.0,1.0,0.0,0.0,0.0,0.0,0,0.0,0.0,0.0,0.0,0.0,https://scores.iplt20.com/ipl/teamlogos/DC.png?,https://scores.iplt20.com/ipl/playerimages/Gulbadin Naib.png,,,
44,44.0,Hardik Pandya,216.0,143.0,14.0,13.0,1.0,46,18,3.0,0.0,0.0,11.0,11.0,35.0,36.0,387.0,3/31,10.0,19.0,1.0,0.0,0.0,https://scores.iplt20.com/ipl/teamlogos/MI.png?,https://scores.iplt20.com/ipl/playerimages/Hardik Pandya.png,Allrounder,Right hand Bat,Right arm Medium fast
45,45.0,Harpreet Brar,75.0,138.0,13.0,7.0,5.0,29,37,0.0,0.0,0.0,2.0,7.0,43.0,38.0,303.0,2/13,7.0,32.0,0.0,0.0,0.0,https://scores.iplt20.com/ipl/teamlogos/PBKS.png?,https://scores.iplt20.com/ipl/playerimages/Harpreet Brar.png,Bowler,Left hand Bat,Slow Left arm Orthodox
46,46.0,Harpreet Singh,27.0,79.0,2.0,2.0,0.0,14,13,0.0,0.0,0.0,0.0,0.0,0.0,0.0,0.0,0,0.0,0.0,0.0,0.0,0.0,https://scores.iplt20.com/ipl/teamlogos/PBKS.png?,https://scores.iplt20.com/ipl/playerimages/Harpreet Singh.png,Batter,Left hand Bat,Right arm Medium
47,47.0,Harshal Patel,13.0,68.0,14.0,4.0,1.0,12,4,0.0,0.0,0.0,1.0,24.0,19.0,49.0,477.0,3/15,9.0,12.0,4.0,0.0,0.0,https://scores.iplt20.com/ipl/teamlogos/PBKS.png?,https://scores.iplt20.com/ipl/playerimages/Harshal Patel.png,Bowler,Right hand Bat,Right arm Medium
48,48.0,Harshit Rana,0.0,0.0,0.0,0.0,0.0,0,0,0.0,0.0,0.0,0.0,19.0,20.0,42.0,383.0,3/24,9.0,13.0,2.0,0.0,1.0,https://scores.iplt20.com/ipl/teamlogos/KKR.png?,https://scores.iplt20.com/ipl/playerimages/Harshit Rana.png,Bowler,Right hand Bat,Right arm Fast
49,49.0,Heinrich Klaasen,479.0,171.0,16.0,15.0,3.0,80*,39,3.0,4.0,0.0,38.0,0.0,0.0,0.0,0.0,0,0.0,0.0,0.0,0.0,0.0,https://scores.iplt20.com/ipl/teamlogos/SRH.png?,https://scores.iplt20.com/ipl/playerimages/Heinrich Klaasen.png,Wicketkeeper Batter,Right hand Bat,Right arm Offbreak
50,50.0,Ishan Kishan,320.0,148.0,14.0,14.0,0.0,69,22,4.0,1.0,0.0,16.0,0.0,0.0,0.0,0.0,0,0.0,0.0,0.0,0.0,0.0,https://scores.iplt20.com/ipl/teamlogos/MI.png?,https://scores.iplt20.com/ipl/playerimages/Ishan Kishan.png,Wicketkeeper Batter,Left hand Bat,DNB
51,51.0,Ishant Sharma,0.0,0.0,0.0,0.0,0.0,0,0,0.0,0.0,0.0,0.0,10.0,26.0,27.0,265.0,3/34,9.0,16.0,1.0,0.0,0.0,https://scores.iplt20.com/ipl/teamlogos/DC.png?,https://scores.iplt20.com/ipl/playerimages/Ishant Sharma.png,Bowler,Right hand Bat,Right arm Fast medium
52,52.0,Jake Fraser-McGurk,330.0,234.0,9.0,9.0,0.0,84,36,0.0,4.0,0.0,28.0,0.0,0.0,0.0,0.0,0,0.0,0.0,0.0,0.0,0.0,https://scores.iplt20.com/ipl/teamlogos/DC.png?,https://scores.iplt20.com/ipl/playerimages/Jake Fraser-McGurk.png,,,
53,53.0,Jasprit Bumrah,12.0,100.0,13.0,4.0,4.0,8*,-,0.0,0.0,0.0,0.0,20.0,16.0,51.0,336.0,5/21,6.0,15.0,3.0,1.0,0.0,https://scores.iplt20.com/ipl/teamlogos/MI.png?,https://scores.iplt20.com/ipl/playerimages/Jasprit Bumrah.png,Bowler,Right hand Bat,Right arm Fast
54,54.0,Jaydev Unadkat,24.0,92.0,11.0,5.0,2.0,8*,8,0.0,0.0,0.0,1.0,8.0,39.0,31.0,319.0,3/30,10.0,23.0,1.0,0.0,0.0,https://scores.iplt20.com/ipl/teamlogos/SRH.png?,https://scores.iplt20.com/ipl/playerimages/Jaydev Unadkat.png,Bowler,Right hand Bat,Left arm Medium
55,55.0,Jitesh Sharma,187.0,131.0,14.0,12.0,1.0,32*,17,1.0,0.0,0.0,12.0,0.0,0.0,0.0,0.0,0,0.0,0.0,0.0,0.0,0.0,https://scores.iplt20.com/ipl/teamlogos/PBKS.png?,https://scores.iplt20.com/ipl/playerimages/Jitesh Sharma.png,Wicketkeeper Batter,Right hand Bat,DNB
56,56.0,Jonny Bairstow,298.0,152.0,11.0,11.0,1.0,108*,29,2.0,0.0,1.0,14.0,0.0,0.0,0.0,0.0,0,0.0,0.0,0.0,0.0,0.0,https://scores.iplt20.com/ipl/teamlogos/PBKS.png?,https://scores.iplt20.com/ipl/playerimages/Jonny Bairstow.png,Wicketkeeper Batter,Right hand Bat,Right arm Medium
57,57.0,Jos Buttler,359.0,140.0,11.0,11.0,2.0,107*,39,2.0,0.0,2.0,12.0,0.0,0.0,0.0,0.0,0,0.0,0.0,0.0,0.0,0.0,https://scores.iplt20.com/ipl/teamlogos/RR.png?,https://scores.iplt20.com/ipl/playerimages/Jos Buttler.png,Wicketkeeper Batter,Right hand Bat,DNB
58,58.0,Joshua Little,0.0,0.0,0.0,0.0,0.0,0,0,0.0,0.0,0.0,0.0,4.0,11.0,4.0,45.0,4/45,11.0,6.0,1.0,0.0,0.0,https://scores.iplt20.com/ipl/teamlogos/GT.png?,https://scores.iplt20.com/ipl/playerimages/Joshua Little.png,,,
59,59.0,KL Rahul,520.0,136.0,14.0,14.0,0.0,82,37,3.0,4.0,0.0,19.0,0.0,0.0,0.0,0.0,0,0.0,0.0,0.0,0.0,0.0,https://scores.iplt20.com/ipl/teamlogos/LSG.png?,https://scores.iplt20.com/ipl/playerimages/KL Rahul.png,Wicketkeeper Batter,Right hand Bat,DNB
60,60.0,Kagiso Rabada,20.0,142.0,11.0,3.0,2.0,11*,20,0.0,0.0,0.0,2.0,11.0,33.0,42.0,372.0,2/18,8.0,22.0,0.0,0.0,0.0,https://scores.iplt20.com/ipl/teamlogos/PBKS.png?,https://scores.iplt20.com/ipl/playerimages/Kagiso Rabada.png,Bowler,Left hand Bat,Right arm Fast
61,61.0,Kane Williamson,27.0,100.0,2.0,2.0,0.0,26,13,0.0,0.0,0.0,0.0,0.0,0.0,0.0,0.0,0,0.0,0.0,0.0,0.0,0.0,https://scores.iplt20.com/ipl/teamlogos/GT.png?,https://scores.iplt20.com/ipl/playerimages/Kane Williamson.png,Top order Batter,Right hand Bat,DNB
62,62.0,Karn Sharma,31.0,206.0,9.0,3.0,0.0,20,10,0.0,0.0,0.0,3.0,7.0,36.0,24.0,254.0,2/29,10.0,20.0,0.0,0.0,0.0,https://scores.iplt20.com/ipl/teamlogos/RCB.png?,https://scores.iplt20.com/ipl/playerimages/Karn Sharma.png,Bowler,Left hand Bat,Legbreak Googly
63,63.0,Keshav Maharaj,0.0,0.0,0.0,0.0,0.0,0,0,0.0,0.0,0.0,0.0,2.0,19.0,6.0,39.0,2/23,6.0,18.0,0.0,0.0,0.0,https://scores.iplt20.com/ipl/teamlogos/RR.png?,https://scores.iplt20.com/ipl/playerimages/Keshav Maharaj.png,,,
64,64.0,Khaleel Ahmed,0.0,0.0,0.0,0.0,0.0,0,0,0.0,0.0,0.0,0.0,17.0,28.0,50.0,479.0,2/21,9.0,17.0,0.0,0.0,2.0,https://scores.iplt20.com/ipl/teamlogos/DC.png?,https://scores.iplt20.com/ipl/playerimages/Khaleel Ahmed.png,Bowler,Right hand Bat,Left arm Medium
65,65.0,Krunal Pandya,133.0,126.0,14.0,12.0,8.0,43*,33,1.0,0.0,0.0,5.0,6.0,42.0,33.0,255.0,3/11,7.0,33.0,1.0,0.0,0.0,https://scores.iplt20.com/ipl/teamlogos/LSG.png?,https://scores.iplt20.com/ipl/playerimages/Krunal Pandya.png,Allrounder,Left hand Bat,Slow Left arm Orthodox
66,66.0,Kuldeep Sen,0.0,0.0,0.0,0.0,0.0,0,0,0.0,0.0,0.0,0.0,6.0,20.0,12.0,122.0,3/41,10.0,12.0,1.0,0.0,0.0,https://scores.iplt20.com/ipl/teamlogos/RR.png?,https://scores.iplt20.com/ipl/playerimages/Kuldeep Sen.png,Bowler,Right hand Bat,Right arm Fast
67,67.0,Kuldeep Yadav,47.0,114.0,11.0,5.0,2.0,35*,15,1.0,0.0,0.0,1.0,16.0,23.0,43.0,372.0,4/55,8.0,16.0,2.0,0.0,0.0,https://scores.iplt20.com/ipl/teamlogos/DC.png?,https://scores.iplt20.com/ipl/playerimages/Kuldeep Yadav.png,Bowler,Left hand Bat,Left arm Wrist spin
68,68.0,Kumar Kushagra,3.0,42.0,4.0,3.0,0.0,2,1,0.0,0.0,0.0,0.0,0.0,0.0,0.0,0.0,0,0.0,0.0,0.0,0.0,0.0,https://scores.iplt20.com/ipl/teamlogos/DC.png?,https://scores.iplt20.com/ipl/playerimages/Kumar Kushagra.png,,,
69,69.0,Kwena Maphaka,0.0,0.0,0.0,0.0,0.0,0,0,0.0,0.0,0.0,0.0,1.0,89.0,6.0,89.0,1/23,14.0,36.0,0.0,0.0,0.0,https://scores.iplt20.com/ipl/teamlogos/MI.png?,https://scores.iplt20.com/ipl/playerimages/Kwena Maphaka.png,,,
70,70.0,Lalit Yadav,10.0,83.0,2.0,2.0,0.0,7,5,0.0,0.0,0.0,0.0,0.0,0.0,0.0,0.0,0,0.0,0.0,0.0,0.0,0.0,https://scores.iplt20.com/ipl/teamlogos/DC.png?,https://scores.iplt20.com/ipl/playerimages/Lalit Yadav.png,Allrounder,Right hand Bat,Right arm Offbreak
71,71.0,Liam Livingstone,111.0,142.0,7.0,7.0,2.0,38*,22,1.0,0.0,0.0,7.0,3.0,28.0,12.0,84.0,2/19,7.0,24.0,0.0,0.0,0.0,https://scores.iplt20.com/ipl/teamlogos/PBKS.png?,https://scores.iplt20.com/ipl/playerimages/Liam Livingstone.png,Batting Allrounder,Right hand Bat,Right arm Offbreak
72,72.0,Lizaad Williams,0.0,0.0,0.0,0.0,0.0,0,0,0.0,0.0,0.0,0.0,1.0,72.0,6.0,72.0,1/38,12.0,36.0,0.0,0.0,0.0,https://scores.iplt20.com/ipl/teamlogos/DC.png?,https://scores.iplt20.com/ipl/playerimages/Lizaad Williams.png,,,
73,73.0,Lockie Ferguson,0.0,0.0,0.0,0.0,0.0,0,0,0.0,0.0,0.0,0.0,9.0,28.0,24.0,255.0,2/23,10.0,16.0,0.0,0.0,0.0,https://scores.iplt20.com/ipl/teamlogos/RCB.png?,https://scores.iplt20.com/ipl/playerimages/Lockie Ferguson.png,Bowler,Right hand Bat,Right arm Fast
74,74.0,Luke Wood,9.0,300.0,2.0,1.0,1.0,9*,-,0.0,0.0,0.0,1.0,1.0,93.0,6.0,93.0,1/68,15.0,36.0,0.0,0.0,0.0,https://scores.iplt20.com/ipl/teamlogos/MI.png?,https://scores.iplt20.com/ipl/playerimages/Luke Wood.png,,,
75,75.0,M. Siddharth,0.0,0.0,0.0,0.0,0.0,0,0,0.0,0.0,0.0,0.0,1.0,71.0,9.0,71.0,1/21,7.0,54.0,0.0,0.0,0.0,https://scores.iplt20.com/ipl/teamlogos/LSG.png?,https://scores.iplt20.com/ipl/playerimages/M. Siddharth.png,,,
76,76.0,MS Dhoni,161.0,220.0,14.0,11.0,8.0,37*,53,1.0,0.0,0.0,13.0,0.0,0.0,0.0,0.0,0,0.0,0.0,0.0,0.0,0.0,https://scores.iplt20.com/ipl/teamlogos/CSK.png?,https://scores.iplt20.com/ipl/playerimages/MS Dhoni.png,Wicketkeeper Batter,Right hand Bat,Right arm Medium
77,77.0,Maheesh Theekshana,0.0,0.0,0.0,0.0,0.0,0,0,0.0,0.0,0.0,0.0,2.0,72.0,20.0,144.0,1/27,7.0,60.0,0.0,0.0,0.0,https://scores.iplt20.com/ipl/teamlogos/CSK.png?,https://scores.iplt20.com/ipl/playerimages/Maheesh Theekshana.png,Bowler,Right hand Bat,Right arm Offbreak
78,78.0,Mahipal Lomror,125.0,183.0,10.0,10.0,2.0,33,15,2.0,0.0,0.0,9.0,0.0,0.0,0.0,0.0,0,0.0,0.0,0.0,0.0,0.0,https://scores.iplt20.com/ipl/teamlogos/RCB.png?,https://scores.iplt20.com/ipl/playerimages/Mahipal Lomror.png,Allrounder,Left hand Bat,Slow Left arm Orthodox
79,79.0,Manish Pandey,42.0,135.0,2.0,1.0,0.0,42,42,1.0,0.0,0.0,2.0,0.0,0.0,0.0,0.0,0,0.0,0.0,0.0,0.0,0.0,https://scores.iplt20.com/ipl/teamlogos/KKR.png?,https://scores.iplt20.com/ipl/playerimages/Manish Pandey.png,Top order Batter,Right hand Bat,Right arm Medium
80,80.0,Marco Jansen,18.0,138.0,3.0,2.0,1.0,17,18,0.0,0.0,0.0,1.0,1.0,129.0,10.0,129.0,1/45,12.0,60.0,0.0,0.0,0.0,https://scores.iplt20.com/ipl/teamlogos/SRH.png?,https://scores.iplt20.com/ipl/playerimages/Marco Jansen.png,Bowling Allrounder,Right hand Bat,Left arm Medium fast
81,81.0,Marcus Stoinis,388.0,147.0,14.0,14.0,2.0,124*,32,1.0,2.0,1.0,16.0,4.0,31.0,14.0,126.0,1/3,9.0,21.0,0.0,0.0,0.0,https://scores.iplt20.com/ipl/teamlogos/LSG.png?,https://scores.iplt20.com/ipl/playerimages/Marcus Stoinis.png,Batting Allrounder,Right hand Bat,Right arm Medium
82,82.0,Matheesha Pathirana,0.0,0.0,0.0,0.0,0.0,0,0,0.0,0.0,0.0,0.0,13.0,13.0,22.0,169.0,4/28,7.0,10.0,2.0,0.0,0.0,https://scores.iplt20.com/ipl/teamlogos/CSK.png?,https://scores.iplt20.com/ipl/playerimages/Matheesha Pathirana.png,Bowler,Right hand Bat,Right arm Fast
83,83.0,Matt Henry,0.0,0.0,0.0,0.0,0.0,0,0,0.0,0.0,0.0,0.0,1.0,110.0,12.0,110.0,1/28,9.0,72.0,0.0,0.0,0.0,https://scores.iplt20.com/ipl/teamlogos/LSG.png?,https://scores.iplt20.com/ipl/playerimages/Matt Henry.png,,,
84,84.0,Matthew Wade,4.0,66.0,2.0,1.0,0.0,4,4,0.0,0.0,0.0,0.0,0.0,0.0,0.0,0.0,0,0.0,0.0,0.0,0.0,0.0,https://scores.iplt20.com/ipl/teamlogos/GT.png?,https://scores.iplt20.com/ipl/playerimages/Matthew Wade.png,Wicketkeeper Batter,Left hand Bat,Right arm Medium
85,85.0,Mayank Agarwal,64.0,112.0,4.0,4.0,0.0,32,16,1.0,0.0,0.0,1.0,0.0,0.0,0.0,0.0,0,0.0,0.0,0.0,0.0,0.0,https://scores.iplt20.com/ipl/teamlogos/SRH.png?,https://scores.iplt20.com/ipl/playerimages/Mayank Agarwal.png,Batter,Right hand Bat,Right arm Offbreak
86,86.0,Mayank Dagar,0.0,0.0,0.0,0.0,0.0,0,0,0.0,0.0,0.0,0.0,1.0,120.0,11.0,120.0,1/23,10.0,71.0,0.0,0.0,0.0,https://scores.iplt20.com/ipl/teamlogos/RCB.png?,https://scores.iplt20.com/ipl/playerimages/Mayank Dagar.png,Bowler,Right hand Bat,Slow Left arm Orthodox
87,87.0,Mayank Markande,0.0,0.0,0.0,0.0,0.0,0,0,0.0,0.0,0.0,0.0,8.0,32.0,22.0,259.0,2/26,11.0,16.0,0.0,0.0,0.0,https://scores.iplt20.com/ipl/teamlogos/SRH.png?,https://scores.iplt20.com/ipl/playerimages/Mayank Markande.png,Bowler,Right hand Bat,Legbreak
88,88.0,Mayank Yadav,0.0,0.0,0.0,0.0,0.0,0,0,0.0,0.0,0.0,0.0,7.0,12.0,12.0,85.0,3/14,6.0,10.0,2.0,0.0,0.0,https://scores.iplt20.com/ipl/teamlogos/LSG.png?,https://scores.iplt20.com/ipl/playerimages/Mayank Yadav.png,Bowler,Right hand Bat,Right arm Medium fast
89,89.0,Mitchell Marsh,61.0,160.0,4.0,4.0,0.0,23,15,0.0,0.0,0.0,3.0,0.0,0.0,0.0,0.0,0,0.0,0.0,0.0,0.0,0.0,https://scores.iplt20.com/ipl/teamlogos/DC.png?,https://scores.iplt20.com/ipl/playerimages/Mitchell Marsh.png,Allrounder,Right hand Bat,Right arm Medium
90,90.0,Mitchell Santner,14.0,82.0,3.0,3.0,0.0,11,4,0.0,0.0,0.0,0.0,2.0,32.0,9.0,64.0,1/10,7.0,27.0,0.0,0.0,0.0,https://scores.iplt20.com/ipl/teamlogos/CSK.png?,https://scores.iplt20.com/ipl/playerimages/Mitchell Santner.png,Bowling Allrounder,Left hand Bat,Slow Left arm Orthodox
91,91.0,Mitchell Starc,9.0,81.0,14.0,5.0,3.0,6*,4,0.0,0.0,0.0,0.0,17.0,26.0,41.0,444.0,4/33,10.0,14.0,3.0,0.0,0.0,https://scores.iplt20.com/ipl/teamlogos/KKR.png?,https://scores.iplt20.com/ipl/playerimages/Mitchell Starc.png,,,
92,92.0,Moeen Ali,128.0,130.0,8.0,5.0,0.0,56,25,1.0,1.0,0.0,8.0,2.0,35.0,8.0,71.0,2/23,8.0,24.0,0.0,0.0,0.0,https://scores.iplt20.com/ipl/teamlogos/CSK.png?,https://scores.iplt20.com/ipl/playerimages/Moeen Ali.png,Batting Allrounder,Left hand Bat,Right arm Offbreak
93,93.0,Mohammad Nabi,35.0,112.0,7.0,5.0,1.0,23,8,0.0,0.0,0.0,2.0,2.0,54.0,12.0,109.0,1/16,8.0,37.0,0.0,0.0,0.0,https://scores.iplt20.com/ipl/teamlogos/MI.png?,https://scores.iplt20.com/ipl/playerimages/Mohammad Nabi.png,,,
94,94.0,Mohammed Siraj,12.0,150.0,14.0,3.0,1.0,12,6,0.0,0.0,0.0,2.0,15.0,33.0,54.0,496.0,3/43,9.0,21.0,1.0,0.0,0.0,https://scores.iplt20.com/ipl/teamlogos/RCB.png?,https://scores.iplt20.com/ipl/playerimages/Mohammed Siraj.png,Bowler,Right hand Bat,Right arm Fast
95,95.0,Mohit Sharma,0.0,0.0,0.0,0.0,0.0,0,0,0.0,0.0,0.0,0.0,13.0,32.0,39.0,425.0,3/25,10.0,18.0,2.0,0.0,0.0,https://scores.iplt20.com/ipl/teamlogos/GT.png?,https://scores.iplt20.com/ipl/playerimages/Mohit Sharma.png,Bowler,Right hand Bat,Right arm Medium
96,96.0,Mohsin Khan,2.0,200.0,10.0,1.0,0.0,2,2,0.0,0.0,0.0,0.0,10.0,38.0,38.0,385.0,2/29,10.0,22.0,0.0,0.0,0.0,https://scores.iplt20.com/ipl/teamlogos/LSG.png?,https://scores.iplt20.com/ipl/playerimages/Mohsin Khan.png,Bowler,Left hand Bat,Left arm Medium fast
97,97.0,Mukesh Kumar,3.0,33.0,10.0,2.0,1.0,3,3,0.0,0.0,0.0,0.0,17.0,21.0,35.0,368.0,3/14,10.0,12.0,3.0,0.0,0.0,https://scores.iplt20.com/ipl/teamlogos/DC.png?,https://scores.iplt20.com/ipl/playerimages/Mukesh Kumar.png,Bowler,Right hand Bat,Right arm Medium
98,98.0,Mustafizur Rahman,0.0,0.0,0.0,0.0,0.0,0,0,0.0,0.0,0.0,0.0,14.0,22.0,34.0,318.0,4/29,9.0,14.0,1.0,0.0,1.0,https://scores.iplt20.com/ipl/teamlogos/CSK.png?,https://scores.iplt20.com/ipl/playerimages/Mustafizur Rahman.png,Bowler,Left hand Bat,Left arm Fast medium
99,99.0,Naman Dhir,140.0,177.0,7.0,7.0,1.0,62*,23,1.0,1.0,0.0,10.0,0.0,0.0,0.0,0.0,0,0.0,0.0,0.0,0.0,0.0,https://scores.iplt20.com/ipl/teamlogos/MI.png?,https://scores.iplt20.com/ipl/playerimages/Naman Dhir.png,,,
100,100.0,Nandre Burger,0.0,0.0,0.0,0.0,0.0,0,0,0.0,0.0,0.0,0.0,7.0,20.0,17.0,145.0,2/29,8.0,14.0,0.0,0.0,0.0,https://scores.iplt20.com/ipl/teamlogos/RR.png?,https://scores.iplt20.com/ipl/playerimages/Nandre Burger.png,,,
101,101.0,Nathan Ellis,0.0,0.0,0.0,0.0,0.0,0,0,0.0,0.0,0.0,0.0,1.0,24.0,4.0,24.0,1/24,6.0,24.0,0.0,0.0,0.0,https://scores.iplt20.com/ipl/teamlogos/PBKS.png?,https://scores.iplt20.com/ipl/playerimages/Nathan Ellis.png,Bowler,Right hand Bat,Right arm Fast medium
102,102.0,Naveen-ul-Haq,0.0,0.0,0.0,0.0,0.0,0,0,0.0,0.0,0.0,0.0,14.0,26.0,36.0,372.0,3/49,10.0,15.0,1.0,0.0,0.0,https://scores.iplt20.com/ipl/teamlogos/LSG.png?,https://scores.iplt20.com/ipl/playerimages/Naveen-ul-Haq.png,Bowler,Right hand Bat,Right arm Medium fast
103,103.0,Nehal Wadhera,109.0,129.0,6.0,6.0,0.0,49,18,2.0,0.0,0.0,6.0,0.0,0.0,0.0,0.0,0,0.0,0.0,0.0,0.0,0.0,https://scores.iplt20.com/ipl/teamlogos/MI.png?,https://scores.iplt20.com/ipl/playerimages/Nehal Wadhera.png,Top order Batter,Left hand Bat,Legbreak
104,104.0,Nicholas Pooran,499.0,178.0,14.0,14.0,6.0,75,62,6.0,3.0,0.0,36.0,0.0,0.0,0.0,0.0,0,0.0,0.0,0.0,0.0,0.0,https://scores.iplt20.com/ipl/teamlogos/LSG.png?,https://scores.iplt20.com/ipl/playerimages/Nicholas Pooran.png,Wicketkeeper Batter,Left hand Bat,Right arm Offbreak
105,105.0,Nitish Kumar Reddy,303.0,142.0,13.0,11.0,2.0,76*,33,2.0,2.0,0.0,21.0,3.0,51.0,13.0,153.0,2/17,11.0,26.0,0.0,0.0,0.0,https://scores.iplt20.com/ipl/teamlogos/SRH.png?,https://scores.iplt20.com/ipl/playerimages/Nitish Kumar Reddy.png,Batting Allrounder,Right hand Bat,Right arm Medium fast
106,106.0,Nitish Rana,42.0,123.0,3.0,2.0,0.0,33,21,1.0,0.0,0.0,1.0,0.0,0.0,0.0,0.0,0,0.0,0.0,0.0,0.0,0.0,https://scores.iplt20.com/ipl/teamlogos/KKR.png?,https://scores.iplt20.com/ipl/playerimages/Nitish Rana.png,Middle order Batter,Left hand Bat,Right arm Offbreak
107,107.0,Noor Ahmad,5.0,55.0,10.0,4.0,2.0,4,2,0.0,0.0,0.0,0.0,8.0,36.0,34.0,290.0,2/20,8.0,26.0,0.0,0.0,0.0,https://scores.iplt20.com/ipl/teamlogos/GT.png?,https://scores.iplt20.com/ipl/playerimages/Noor Ahmad.png,Bowler,Right hand Bat,Left arm Wrist spin
108,108.0,Nuwan Thushara,0.0,0.0,0.0,0.0,0.0,0,0,0.0,0.0,0.0,0.0,8.0,32.0,26.0,257.0,3/28,9.0,19.0,2.0,0.0,0.0,https://scores.iplt20.com/ipl/teamlogos/MI.png?,https://scores.iplt20.com/ipl/playerimages/Nuwan Thushara.png,,,
109,109.0,Pat Cummins,136.0,143.0,16.0,10.0,4.0,35*,22,3.0,0.0,0.0,8.0,18.0,31.0,61.0,566.0,3/43,9.0,20.0,1.0,0.0,1.0,https://scores.iplt20.com/ipl/teamlogos/SRH.png?,https://scores.iplt20.com/ipl/playerimages/Pat Cummins.png,,,
110,110.0,Phil Salt,435.0,182.0,12.0,12.0,1.0,89*,39,3.0,4.0,0.0,24.0,0.0,0.0,0.0,0.0,0,0.0,0.0,0.0,0.0,0.0,https://scores.iplt20.com/ipl/teamlogos/KKR.png?,https://scores.iplt20.com/ipl/playerimages/Phil Salt.png,Wicketkeeper Batter,Right hand Bat,Right arm Offbreak
111,111.0,Piyush Chawla,15.0,100.0,11.0,6.0,2.0,10,3,0.0,0.0,0.0,1.0,13.0,24.0,35.0,312.0,3/29,8.0,16.0,2.0,0.0,0.0,https://scores.iplt20.com/ipl/teamlogos/MI.png?,https://scores.iplt20.com/ipl/playerimages/Piyush Chawla.png,Bowling Allrounder,Left hand Bat,Legbreak
112,112.0,Prabhsimran Singh,334.0,156.0,14.0,14.0,0.0,71,23,3.0,2.0,0.0,20.0,0.0,0.0,0.0,0.0,0,0.0,0.0,0.0,0.0,0.0,https://scores.iplt20.com/ipl/teamlogos/PBKS.png?,https://scores.iplt20.com/ipl/playerimages/Prabhsimran Singh.png,Wicketkeeper Batter,Right hand Bat,DNB
113,113.0,Prithvi Shaw,198.0,163.0,8.0,8.0,0.0,66,24,2.0,1.0,0.0,5.0,0.0,0.0,0.0,0.0,0,0.0,0.0,0.0,0.0,0.0,https://scores.iplt20.com/ipl/teamlogos/DC.png?,https://scores.iplt20.com/ipl/playerimages/Prithvi Shaw.png,Opening Batter,Right hand Bat,Right arm Offbreak
114,114.0,Quinton de Kock,250.0,134.0,11.0,11.0,0.0,81,22,0.0,3.0,0.0,9.0,0.0,0.0,0.0,0.0,0,0.0,0.0,0.0,0.0,0.0,https://scores.iplt20.com/ipl/teamlogos/LSG.png?,https://scores.iplt20.com/ipl/playerimages/Quinton de Kock.png,Wicketkeeper Batter,Left hand Bat,DNB
115,115.0,Rachin Ravindra,222.0,160.0,10.0,10.0,0.0,61,22,2.0,1.0,0.0,12.0,0.0,0.0,0.0,0.0,0,0.0,0.0,0.0,0.0,0.0,https://scores.iplt20.com/ipl/teamlogos/CSK.png?,https://scores.iplt20.com/ipl/playerimages/Rachin Ravindra.png,,,
116,116.0,Rahmanullah Gurbaz,62.0,134.0,3.0,2.0,0.0,39,31,1.0,0.0,0.0,4.0,0.0,0.0,0.0,0.0,0,0.0,0.0,0.0,0.0,0.0,https://scores.iplt20.com/ipl/teamlogos/KKR.png?,https://scores.iplt20.com/ipl/playerimages/Rahmanullah Gurbaz.png,Wicketkeeper Batter,Right hand Bat,DNB
117,117.0,Rahul Chahar,21.0,140.0,9.0,2.0,1.0,16,21,0.0,0.0,0.0,1.0,10.0,27.0,31.0,279.0,3/23,9.0,18.0,1.0,0.0,0.0,https://scores.iplt20.com/ipl/teamlogos/PBKS.png?,https://scores.iplt20.com/ipl/playerimages/Rahul Chahar.png,Bowler,Right hand Bat,Legbreak Googly
118,118.0,Rahul Tewatia,188.0,145.0,12.0,9.0,2.0,36*,26,3.0,0.0,0.0,5.0,0.0,0.0,0.0,0.0,0,0.0,0.0,0.0,0.0,0.0,https://scores.iplt20.com/ipl/teamlogos/GT.png?,https://scores.iplt20.com/ipl/playerimages/Rahul Tewatia.png,Bowling Allrounder,Left hand Bat,Legbreak
119,119.0,Rahul Tripathi,165.0,143.0,6.0,6.0,0.0,55,27,2.0,1.0,0.0,6.0,0.0,0.0,0.0,0.0,0,0.0,0.0,0.0,0.0,0.0,https://scores.iplt20.com/ipl/teamlogos/SRH.png?,https://scores.iplt20.com/ipl/playerimages/Rahul Tripathi.png,Top order Batter,Right hand Bat,Right arm Medium
120,120.0,Rajat Patidar,395.0,177.0,15.0,13.0,0.0,55,30,2.0,5.0,0.0,33.0,0.0,0.0,0.0,0.0,0,0.0,0.0,0.0,0.0,0.0,https://scores.iplt20.com/ipl/teamlogos/RCB.png?,https://scores.iplt20.com/ipl/playerimages/Rajat Patidar.png,Top order Batter,Right hand Bat,Right arm Offbreak
121,121.0,Ramandeep Singh,125.0,201.0,15.0,9.0,5.0,35,31,1.0,0.0,0.0,12.0,0.0,0.0,0.0,0.0,0,0.0,0.0,0.0,0.0,0.0,https://scores.iplt20.com/ipl/teamlogos/KKR.png?,https://scores.iplt20.com/ipl/playerimages/Ramandeep Singh.png,Middle order Batter,Right hand Bat,Right arm Medium
122,122.0,Rashid Khan,102.0,143.0,12.0,8.0,3.0,31,20,1.0,0.0,0.0,3.0,10.0,36.0,43.0,367.0,2/38,8.0,26.0,0.0,0.0,0.0,https://scores.iplt20.com/ipl/teamlogos/GT.png?,https://scores.iplt20.com/ipl/playerimages/Rashid Khan.png,Bowling Allrounder,Right hand Bat,Legbreak Googly
123,123.0,Rasikh Dar,28.0,93.0,8.0,4.0,0.0,10,7,0.0,0.0,0.0,0.0,9.0,29.0,24.0,269.0,3/34,10.0,16.0,2.0,0.0,0.0,https://scores.iplt20.com/ipl/teamlogos/DC.png?,https://scores.iplt20.com/ipl/playerimages/Rasikh Dar.png,,,
124,124.0,Ravi Bishnoi,4.0,66.0,14.0,3.0,0.0,2,1,0.0,0.0,0.0,0.0,10.0,38.0,43.0,383.0,2/25,8.0,26.0,0.0,0.0,0.0,https://scores.iplt20.com/ipl/teamlogos/LSG.png?,https://scores.iplt20.com/ipl/playerimages/Ravi Bishnoi.png,Bowler,Right hand Bat,Legbreak Googly
125,125.0,Ravichandran Ashwin,86.0,116.0,15.0,9.0,3.0,29,14,0.0,0.0,0.0,4.0,9.0,51.0,55.0,467.0,3/24,8.0,36.0,1.0,0.0,0.0,https://scores.iplt20.com/ipl/teamlogos/RR.png?,https://scores.iplt20.com/ipl/playerimages/Ravichandran Ashwin.png,Bowling Allrounder,Right hand Bat,Right arm Offbreak
126,126.0,Ravindra Jadeja,267.0,142.0,14.0,11.0,5.0,57*,44,3.0,1.0,0.0,8.0,8.0,46.0,47.0,369.0,3/18,7.0,35.0,2.0,0.0,0.0,https://scores.iplt20.com/ipl/teamlogos/CSK.png?,https://scores.iplt20.com/ipl/playerimages/Ravindra Jadeja.png,Allrounder,Left hand Bat,Slow Left arm Orthodox
127,127.0,Reece Topley,3.0,50.0,4.0,1.0,1.0,3*,-,0.0,0.0,0.0,0.0,0.0,0.0,0.0,0.0,0,0.0,0.0,0.0,0.0,0.0,https://scores.iplt20.com/ipl/teamlogos/RCB.png?,https://scores.iplt20.com/ipl/playerimages/Reece Topley.png,Bowler,Right hand Bat,Left arm Fast medium
128,128.0,Richard Gleeson,0.0,0.0,0.0,0.0,0.0,0,0,0.0,0.0,0.0,0.0,1.0,71.0,7.0,71.0,1/30,9.0,47.0,0.0,0.0,0.0,https://scores.iplt20.com/ipl/teamlogos/CSK.png?,https://scores.iplt20.com/ipl/playerimages/Richard Gleeson.png,,,
129,129.0,Ricky Bhui,3.0,33.0,2.0,2.0,0.0,3,1,0.0,0.0,0.0,0.0,0.0,0.0,0.0,0.0,0,0.0,0.0,0.0,0.0,0.0,https://scores.iplt20.com/ipl/teamlogos/DC.png?,https://scores.iplt20.com/ipl/playerimages/Ricky Bhui.png,,,
130,130.0,Rilee Rossouw,211.0,181.0,8.0,8.0,0.0,61,26,2.0,1.0,0.0,11.0,0.0,0.0,0.0,0.0,0,0.0,0.0,0.0,0.0,0.0,https://scores.iplt20.com/ipl/teamlogos/PBKS.png?,https://scores.iplt20.com/ipl/playerimages/Rilee Rossouw.png,Top order Batter,Left hand Bat,Right arm Offbreak
131,131.0,Rinku Singh,168.0,148.0,15.0,11.0,2.0,26,18,0.0,0.0,0.0,8.0,0.0,0.0,0.0,0.0,0,0.0,0.0,0.0,0.0,0.0,https://scores.iplt20.com/ipl/teamlogos/KKR.png?,https://scores.iplt20.com/ipl/playerimages/Rinku Singh.png,Middle order Batter,Left hand Bat,Right arm Offbreak
132,132.0,Rishabh Pant,446.0,155.0,13.0,13.0,2.0,88*,40,3.0,3.0,0.0,25.0,0.0,0.0,0.0,0.0,0,0.0,0.0,0.0,0.0,0.0,https://scores.iplt20.com/ipl/teamlogos/DC.png?,https://scores.iplt20.com/ipl/playerimages/Rishabh Pant.png,Wicketkeeper Batter,Left hand Bat,DNB
133,133.0,Riyan Parag,573.0,149.0,16.0,14.0,3.0,84*,52,5.0,4.0,0.0,33.0,0.0,0.0,0.0,0.0,0,0.0,0.0,0.0,0.0,0.0,https://scores.iplt20.com/ipl/teamlogos/RR.png?,https://scores.iplt20.com/ipl/playerimages/Riyan Parag.png,Top order Batter,Right hand Bat,Legbreak
134,134.0,Rohit Sharma,417.0,150.0,14.0,14.0,1.0,105*,32,4.0,1.0,1.0,23.0,0.0,0.0,0.0,0.0,0,0.0,0.0,0.0,0.0,0.0,https://scores.iplt20.com/ipl/teamlogos/MI.png?,https://scores.iplt20.com/ipl/playerimages/Rohit Sharma.png,Top order Batter,Right hand Bat,Right arm Offbreak
135,135.0,Romario Shepherd,57.0,271.0,6.0,5.0,3.0,39*,28,1.0,0.0,0.0,5.0,1.0,159.0,12.0,159.0,1/54,13.0,72.0,0.0,0.0,0.0,https://scores.iplt20.com/ipl/teamlogos/MI.png?,https://scores.iplt20.com/ipl/playerimages/Romario Shepherd.png,Bowling Allrounder,Right hand Bat,Right arm Fast medium
136,136.0,Rovman Powell,103.0,151.0,10.0,7.0,1.0,27,17,0.0,0.0,0.0,6.0,0.0,0.0,0.0,0.0,0,0.0,0.0,0.0,0.0,0.0,https://scores.iplt20.com/ipl/teamlogos/RR.png?,https://scores.iplt20.com/ipl/playerimages/Rovman Powell.png,Middle order Batter,Right hand Bat,Right arm Medium fast
137,137.0,Ruturaj Gaikwad,583.0,141.0,14.0,14.0,3.0,108*,53,3.0,4.0,1.0,18.0,0.0,0.0,0.0,0.0,0,0.0,0.0,0.0,0.0,0.0,https://scores.iplt20.com/ipl/teamlogos/CSK.png?,https://scores.iplt20.com/ipl/playerimages/Ruturaj Gaikwad.png,Batter,Right hand Bat,Right arm Offbreak
138,138.0,Sai Kishore,13.0,216.0,5.0,2.0,1.0,13,13,0.0,0.0,0.0,2.0,7.0,19.0,15.0,137.0,4/33,9.0,12.0,1.0,0.0,0.0,https://scores.iplt20.com/ipl/teamlogos/GT.png?,https://scores.iplt20.com/ipl/playerimages/Sai Kishore.png,,,
139,139.0,Sai Sudharsan,527.0,141.0,12.0,12.0,1.0,103,47,7.0,2.0,1.0,16.0,0.0,0.0,0.0,0.0,0,0.0,0.0,0.0,0.0,0.0,https://scores.iplt20.com/ipl/teamlogos/GT.png?,https://scores.iplt20.com/ipl/playerimages/Sai Sudharsan.png,Top order Batter,Left hand Bat,Legbreak
140,140.0,Sam Curran,270.0,123.0,13.0,12.0,2.0,63*,27,0.0,2.0,0.0,6.0,16.0,26.0,41.0,416.0,3/28,10.0,15.0,1.0,0.0,0.0,https://scores.iplt20.com/ipl/teamlogos/PBKS.png?,https://scores.iplt20.com/ipl/playerimages/Sam Curran.png,Allrounder,Left hand Bat,Left arm Medium fast
141,141.0,Sameer Rizvi,51.0,118.0,8.0,5.0,1.0,21,12,0.0,0.0,0.0,2.0,0.0,0.0,0.0,0.0,0,0.0,0.0,0.0,0.0,0.0,https://scores.iplt20.com/ipl/teamlogos/CSK.png?,https://scores.iplt20.com/ipl/playerimages/Sameer Rizvi.png,,,
142,142.0,Sandeep Sharma,0.0,0.0,0.0,0.0,0.0,0,0,0.0,0.0,0.0,0.0,13.0,23.0,38.0,311.0,5/18,8.0,17.0,0.0,1.0,0.0,https://scores.iplt20.com/ipl/teamlogos/RR.png?,https://scores.iplt20.com/ipl/playerimages/Sandeep Sharma.png,Bowler,Right hand Bat,Right arm Medium
143,143.0,Sandeep Warrier,0.0,0.0,0.0,0.0,0.0,0,0,0.0,0.0,0.0,0.0,6.0,19.0,11.0,119.0,3/15,10.0,11.0,1.0,0.0,0.0,https://scores.iplt20.com/ipl/teamlogos/GT.png?,https://scores.iplt20.com/ipl/playerimages/Sandeep Warrier.png,Bowler,Right hand Bat,Right arm Medium
144,144.0,Sanju Samson,531.0,153.0,16.0,15.0,4.0,86,48,1.0,5.0,0.0,24.0,0.0,0.0,0.0,0.0,0,0.0,0.0,0.0,0.0,0.0,https://scores.iplt20.com/ipl/teamlogos/RR.png?,https://scores.iplt20.com/ipl/playerimages/Sanju Samson.png,Wicketkeeper Batter,Right hand Bat,DNB
145,145.0,Sanvir Singh,14.0,116.0,4.0,3.0,2.0,8*,14,0.0,0.0,0.0,0.0,0.0,0.0,0.0,0.0,0,0.0,0.0,0.0,0.0,0.0,https://scores.iplt20.com/ipl/teamlogos/SRH.png?,https://scores.iplt20.com/ipl/playerimages/Sanvir Singh.png,Allrounder,Right hand Bat,Right arm Medium
146,146.0,Saurav Chauhan,18.0,120.0,3.0,3.0,0.0,9,6,0.0,0.0,0.0,1.0,0.0,0.0,0.0,0.0,0,0.0,0.0,0.0,0.0,0.0,https://scores.iplt20.com/ipl/teamlogos/RCB.png?,https://scores.iplt20.com/ipl/playerimages/Saurav Chauhan.png,,,
147,147.0,Shahbaz Ahmed,215.0,129.0,16.0,12.0,3.0,59*,23,1.0,1.0,0.0,13.0,7.0,38.0,27.0,270.0,3/23,9.0,23.0,1.0,0.0,0.0,https://scores.iplt20.com/ipl/teamlogos/SRH.png?,https://scores.iplt20.com/ipl/playerimages/Shahbaz Ahmed.png,Allrounder,Left hand Bat,Slow Left arm Orthodox
148,148.0,Shahrukh Khan,127.0,169.0,7.0,7.0,0.0,58,18,1.0,1.0,0.0,9.0,0.0,0.0,0.0,0.0,0,0.0,0.0,0.0,0.0,0.0,https://scores.iplt20.com/ipl/teamlogos/GT.png?,https://scores.iplt20.com/ipl/playerimages/Shahrukh Khan.png,,,
149,149.0,Shai Hope,183.0,150.0,9.0,9.0,1.0,41,22,3.0,0.0,0.0,12.0,0.0,0.0,0.0,0.0,0,0.0,0.0,0.0,0.0,0.0,https://scores.iplt20.com/ipl/teamlogos/DC.png?,https://scores.iplt20.com/ipl/playerimages/Shai Hope.png,,,
150,150.0,Shardul Thakur,21.0,123.0,9.0,3.0,2.0,17,21,0.0,0.0,0.0,1.0,5.0,61.0,31.0,309.0,2/61,9.0,38.0,0.0,0.0,0.0,https://scores.iplt20.com/ipl/teamlogos/CSK.png?,https://scores.iplt20.com/ipl/playerimages/Shardul Thakur.png,Bowler,Right hand Bat,Right arm Medium
151,151.0,Shashank Singh,354.0,164.0,14.0,14.0,6.0,68*,44,3.0,2.0,0.0,21.0,1.0,5.0,1.0,5.0,1/5,5.0,6.0,0.0,0.0,0.0,https://scores.iplt20.com/ipl/teamlogos/PBKS.png?,https://scores.iplt20.com/ipl/playerimages/Shashank Singh.png,,,
152,152.0,Shikhar Dhawan,152.0,125.0,5.0,5.0,0.0,70,30,1.0,1.0,0.0,4.0,0.0,0.0,0.0,0.0,0,0.0,0.0,0.0,0.0,0.0,https://scores.iplt20.com/ipl/teamlogos/PBKS.png?,https://scores.iplt20.com/ipl/playerimages/Shikhar Dhawan.png,Opening Batter,Left hand Bat,Right arm Offbreak
153,153.0,Shimron Hetmyer,113.0,163.0,12.0,9.0,4.0,27*,22,0.0,0.0,0.0,7.0,0.0,0.0,0.0,0.0,0,0.0,0.0,0.0,0.0,0.0,https://scores.iplt20.com/ipl/teamlogos/RR.png?,https://scores.iplt20.com/ipl/playerimages/Shimron Hetmyer.png,Top order Batter,Left hand Bat,DNB
154,154.0,Shivam Dube,396.0,162.0,14.0,14.0,3.0,66,36,3.0,3.0,0.0,28.0,1.0,14.0,1.0,14.0,1/14,14.0,6.0,0.0,0.0,0.0,https://scores.iplt20.com/ipl/teamlogos/CSK.png?,https://scores.iplt20.com/ipl/playerimages/Shivam Dube.png,Allrounder,Left hand Bat,Right arm Medium
155,155.0,Shreyas Gopal,0.0,0.0,0.0,0.0,0.0,0,0,0.0,0.0,0.0,0.0,3.0,22.0,7.0,67.0,1/9,9.0,14.0,0.0,0.0,0.0,https://scores.iplt20.com/ipl/teamlogos/MI.png?,https://scores.iplt20.com/ipl/playerimages/Shreyas Gopal.png,,,
156,156.0,Shreyas Iyer,351.0,146.0,15.0,14.0,5.0,58*,39,4.0,2.0,0.0,14.0,0.0,0.0,0.0,0.0,0,0.0,0.0,0.0,0.0,0.0,https://scores.iplt20.com/ipl/teamlogos/KKR.png?,https://scores.iplt20.com/ipl/playerimages/Shreyas Iyer.png,Top order Batter,Right hand Bat,Right arm Offbreak
157,157.0,Shubham Dubey,33.0,173.0,4.0,3.0,1.0,25,16,0.0,0.0,0.0,2.0,0.0,0.0,0.0,0.0,0,0.0,0.0,0.0,0.0,0.0,https://scores.iplt20.com/ipl/teamlogos/RR.png?,https://scores.iplt20.com/ipl/playerimages/Shubham Dubey.png,,,
158,158.0,Shubman Gill,426.0,147.0,12.0,12.0,1.0,104,38,3.0,2.0,1.0,15.0,0.0,0.0,0.0,0.0,0,0.0,0.0,0.0,0.0,0.0,https://scores.iplt20.com/ipl/teamlogos/GT.png?,https://scores.iplt20.com/ipl/playerimages/Shubman Gill.png,Opening Batter,Right hand Bat,Right arm Offbreak
159,159.0,Sikandar Raza,43.0,113.0,2.0,2.0,0.0,28,21,0.0,0.0,0.0,2.0,0.0,0.0,0.0,0.0,0,0.0,0.0,0.0,0.0,0.0,https://scores.iplt20.com/ipl/teamlogos/PBKS.png?,https://scores.iplt20.com/ipl/playerimages/Sikandar Raza.png,Batting Allrounder,Right hand Bat,Right arm Offbreak
160,160.0,Simarjeet Singh,0.0,0.0,0.0,0.0,0.0,0,0,0.0,0.0,0.0,0.0,5.0,24.0,12.0,121.0,3/26,10.0,14.0,1.0,0.0,0.0,https://scores.iplt20.com/ipl/teamlogos/CSK.png?,https://scores.iplt20.com/ipl/playerimages/Simarjeet Singh.png,Bowler,Right hand Bat,Right arm Medium fast
161,161.0,Spencer Johnson,6.0,85.0,5.0,3.0,3.0,5*,-,0.0,0.0,0.0,0.0,4.0,37.0,16.0,151.0,2/25,9.0,24.0,0.0,0.0,0.0,https://scores.iplt20.com/ipl/teamlogos/GT.png?,https://scores.iplt20.com/ipl/playerimages/Spencer Johnson.png,,,
162,162.0,Sumit Kumar,18.0,75.0,4.0,3.0,1.0,9*,9,0.0,0.0,0.0,1.0,0.0,0.0,0.0,0.0,0,0.0,0.0,0.0,0.0,0.0,https://scores.iplt20.com/ipl/teamlogos/DC.png?,https://scores.iplt20.com/ipl/playerimages/Sumit Kumar.png,,,
163,163.0,Sunil Narine,488.0,180.0,15.0,14.0,0.0,109,34,1.0,3.0,1.0,33.0,17.0,21.0,55.0,368.0,2/22,6.0,19.0,0.0,0.0,0.0,https://scores.iplt20.com/ipl/teamlogos/KKR.png?,https://scores.iplt20.com/ipl/playerimages/Sunil Narine.png,Bowling Allrounder,Left hand Bat,Right arm Offbreak
164,164.0,Suryakumar Yadav,345.0,167.0,11.0,11.0,1.0,102*,34,0.0,3.0,1.0,18.0,0.0,0.0,0.0,0.0,0,0.0,0.0,0.0,0.0,0.0,https://scores.iplt20.com/ipl/teamlogos/MI.png?,https://scores.iplt20.com/ipl/playerimages/Suryakumar Yadav.png,Batter,Right hand Bat,Right arm Offbreak
165,165.0,Suyash Prabhudessai,24.0,133.0,1.0,1.0,0.0,24,24,0.0,0.0,0.0,0.0,0.0,0.0,0.0,0.0,0,0.0,0.0,0.0,0.0,0.0,https://scores.iplt20.com/ipl/teamlogos/RCB.png?,https://scores.iplt20.com/ipl/playerimages/Suyash Prabhudessai.png,Batting Allrounder,Right hand Bat,Right arm Medium
166,166.0,Swapnil Singh,37.0,176.0,7.0,5.0,3.0,15*,18,0.0,0.0,0.0,3.0,6.0,22.0,15.0,133.0,2/28,8.0,15.0,0.0,0.0,0.0,https://scores.iplt20.com/ipl/teamlogos/RCB.png?,https://scores.iplt20.com/ipl/playerimages/Swapnil Singh.png,Bowler,Right hand Bat,Slow Left arm Orthodox
167,167.0,T Natarajan,0.0,0.0,0.0,0.0,0.0,0,0,0.0,0.0,0.0,0.0,19.0,24.0,51.0,465.0,4/19,9.0,16.0,2.0,0.0,1.0,https://scores.iplt20.com/ipl/teamlogos/SRH.png?,https://scores.iplt20.com/ipl/playerimages/T Natarajan.png,Bowler,Left hand Bat,Left arm Medium
168,168.0,Tanush Kotian,24.0,77.0,1.0,1.0,0.0,24,24,0.0,0.0,0.0,0.0,0.0,0.0,0.0,0.0,0,0.0,0.0,0.0,0.0,0.0,https://scores.iplt20.com/ipl/teamlogos/RR.png?,https://scores.iplt20.com/ipl/playerimages/Tanush Kotian.png,,,
169,169.0,Tilak Varma,416.0,149.0,13.0,13.0,3.0,65,41,5.0,3.0,0.0,19.0,0.0,0.0,0.0,0.0,0,0.0,0.0,0.0,0.0,0.0,https://scores.iplt20.com/ipl/teamlogos/MI.png?,https://scores.iplt20.com/ipl/playerimages/Tilak Varma.png,Batting Allrounder,Left hand Bat,Right arm Offbreak
170,170.0,Tim David,241.0,158.0,13.0,11.0,3.0,45*,30,4.0,0.0,0.0,15.0,0.0,0.0,0.0,0.0,0,0.0,0.0,0.0,0.0,0.0,https://scores.iplt20.com/ipl/teamlogos/MI.png?,https://scores.iplt20.com/ipl/playerimages/Tim David.png,Middle order Batter,Right hand Bat,Right arm Offbreak
171,171.0,Tom Kohler-Cadmore,48.0,88.0,4.0,3.0,0.0,20,16,0.0,0.0,0.0,1.0,0.0,0.0,0.0,0.0,0,0.0,0.0,0.0,0.0,0.0,https://scores.iplt20.com/ipl/teamlogos/RR.png?,https://scores.iplt20.com/ipl/playerimages/Tom Kohler-Cadmore.png,,,
172,172.0,Travis Head,567.0,191.0,15.0,15.0,1.0,102,40,3.0,4.0,1.0,32.0,0.0,0.0,0.0,0.0,0,0.0,0.0,0.0,0.0,0.0,https://scores.iplt20.com/ipl/teamlogos/SRH.png?,https://scores.iplt20.com/ipl/playerimages/Travis Head.png,,,
173,173.0,Trent Boult,14.0,87.0,16.0,5.0,3.0,12,7,0.0,0.0,0.0,0.0,16.0,27.0,53.0,443.0,3/22,8.0,20.0,2.0,0.0,0.0,https://scores.iplt20.com/ipl/teamlogos/RR.png?,https://scores.iplt20.com/ipl/playerimages/Trent Boult.png,Bowler,Right hand Bat,Left arm Fast medium
174,174.0,Tristan Stubbs,378.0,190.0,14.0,13.0,6.0,71*,54,3.0,3.0,0.0,26.0,3.0,5.0,2.0,15.0,2/11,7.0,4.0,0.0,0.0,0.0,https://scores.iplt20.com/ipl/teamlogos/DC.png?,https://scores.iplt20.com/ipl/playerimages/Tristan Stubbs.png,Wicketkeeper Batter,Right hand Bat,Right arm Offbreak
175,175.0,Tushar Deshpande,0.0,0.0,0.0,0.0,0.0,0,0,0.0,0.0,0.0,0.0,17.0,24.0,48.0,424.0,4/27,8.0,16.0,2.0,0.0,0.0,https://scores.iplt20.com/ipl/teamlogos/CSK.png?,https://scores.iplt20.com/ipl/playerimages/Tushar Deshpande.png,Bowler,Left hand Bat,Right arm Medium
176,176.0,Umesh Yadav,12.0,80.0,7.0,2.0,1.0,10*,12,0.0,0.0,0.0,1.0,8.0,26.0,21.0,210.0,2/22,10.0,15.0,0.0,0.0,0.0,https://scores.iplt20.com/ipl/teamlogos/GT.png?,https://scores.iplt20.com/ipl/playerimages/Umesh Yadav.png,Bowler,Right hand Bat,Right arm Fast
177,177.0,Vaibhav Arora,0.0,0.0,0.0,0.0,0.0,0,0,0.0,0.0,0.0,0.0,11.0,25.0,30.0,276.0,3/27,9.0,16.0,1.0,0.0,0.0,https://scores.iplt20.com/ipl/teamlogos/KKR.png?,https://scores.iplt20.com/ipl/playerimages/Vaibhav Arora.png,Bowler,Right hand Bat,Right arm Fast medium
178,178.0,Varun Chakaravarthy,0.0,0.0,0.0,0.0,0.0,0,0,0.0,0.0,0.0,0.0,21.0,19.0,50.0,402.0,3/16,8.0,14.0,3.0,0.0,0.0,https://scores.iplt20.com/ipl/teamlogos/KKR.png?,https://scores.iplt20.com/ipl/playerimages/Varun Chakaravarthy.png,,,
179,179.0,Venkatesh Iyer,370.0,158.0,15.0,13.0,5.0,70,46,2.0,4.0,0.0,19.0,0.0,0.0,0.0,0.0,0,0.0,0.0,0.0,0.0,0.0,https://scores.iplt20.com/ipl/teamlogos/KKR.png?,https://scores.iplt20.com/ipl/playerimages/Venkatesh Iyer.png,Allrounder,Left hand Bat,Right arm Medium
180,180.0,Vidwath Kaverappa,0.0,0.0,0.0,0.0,0.0,0,0,0.0,0.0,0.0,0.0,2.0,18.0,4.0,36.0,2/36,9.0,12.0,0.0,0.0,0.0,https://scores.iplt20.com/ipl/teamlogos/PBKS.png?,https://scores.iplt20.com/ipl/playerimages/Vidwath Kaverappa.png,Bowler,Right hand Bat,Right arm Fast medium
181,181.0,Vijay Shankar,83.0,115.0,7.0,7.0,2.0,17,16,0.0,0.0,0.0,2.0,0.0,0.0,0.0,0.0,0,0.0,0.0,0.0,0.0,0.0,https://scores.iplt20.com/ipl/teamlogos/GT.png?,https://scores.iplt20.com/ipl/playerimages/Vijay Shankar.png,Allrounder,Right hand Bat,Right arm Medium
182,182.0,Vijayakanth Viyaskanth,7.0,140.0,3.0,1.0,1.0,7*,-,0.0,0.0,0.0,0.0,1.0,86.0,10.0,86.0,1/37,8.0,60.0,0.0,0.0,0.0,https://scores.iplt20.com/ipl/teamlogos/SRH.png?,https://scores.iplt20.com/ipl/playerimages/Vijayakanth Viyaskanth.png,,,
183,183.0,Vijaykumar Vyshak,0.0,0.0,0.0,0.0,0.0,0,0,0.0,0.0,0.0,0.0,4.0,35.0,14.0,142.0,2/23,9.0,21.0,0.0,0.0,0.0,https://scores.iplt20.com/ipl/teamlogos/RCB.png?,https://scores.iplt20.com/ipl/playerimages/Vijaykumar Vyshak.png,Bowler,Right hand Bat,Right arm Medium
184,184.0,Virat Kohli,741.0,154.0,15.0,15.0,3.0,113*,61,4.0,5.0,1.0,38.0,0.0,0.0,0.0,0.0,0,0.0,0.0,0.0,0.0,0.0,https://scores.iplt20.com/ipl/teamlogos/RCB.png?,https://scores.iplt20.com/ipl/playerimages/Virat Kohli.png,Top order Batter,Right hand Bat,Right arm Medium
185,185.0,Washington Sundar,0.0,0.0,0.0,0.0,0.0,0,0,0.0,0.0,0.0,0.0,1.0,73.0,5.0,73.0,1/46,14.0,30.0,0.0,0.0,0.0,https://scores.iplt20.com/ipl/teamlogos/SRH.png?,https://scores.iplt20.com/ipl/playerimages/Washington Sundar.png,Bowling Allrounder,Left hand Bat,Right arm Offbreak
186,186.0,Wriddhiman Saha,136.0,118.0,9.0,9.0,0.0,39,15,1.0,0.0,0.0,3.0,0.0,0.0,0.0,0.0,0,0.0,0.0,0.0,0.0,0.0,https://scores.iplt20.com/ipl/teamlogos/GT.png?,https://scores.iplt20.com/ipl/playerimages/Wriddhiman Saha.png,Wicketkeeper Batter,Right hand Bat,DNB
187,187.0,Yash Dayal,0.0,0.0,0.0,0.0,0.0,0,0,0.0,0.0,0.0,0.0,15.0,30.0,50.0,459.0,3/20,9.0,20.0,1.0,0.0,0.0,https://scores.iplt20.com/ipl/teamlogos/RCB.png?,https://scores.iplt20.com/ipl/playerimages/Yash Dayal.png,Bowler,Right hand Bat,Left arm Medium fast
188,188.0,Yash Thakur,0.0,0.0,0.0,0.0,0.0,0,0,0.0,0.0,0.0,0.0,11.0,36.0,35.0,402.0,5/30,11.0,19.0,0.0,1.0,1.0,https://scores.iplt20.com/ipl/teamlogos/LSG.png?,https://scores.iplt20.com/ipl/playerimages/Yash Thakur.png,Bowler,Right hand Bat,Right arm Fast medium
189,189.0,Yashasvi Jaiswal,435.0,155.0,16.0,15.0,1.0,104*,31,3.0,1.0,1.0,16.0,0.0,0.0,0.0,0.0,0,0.0,0.0,0.0,0.0,0.0,https://scores.iplt20.com/ipl/teamlogos/RR.png?,https://scores.iplt20.com/ipl/playerimages/Yashasvi Jaiswal.png,Opening Batter,Left hand Bat,Legbreak
190,190.0,Yudhvir Singh,21.0,150.0,2.0,2.0,0.0,14,10,0.0,0.0,0.0,2.0,1.0,52.0,4.0,52.0,1/24,13.0,24.0,0.0,0.0,0.0,https://scores.iplt20.com/ipl/teamlogos/LSG.png?,https://scores.iplt20.com/ipl/playerimages/Yudhvir Singh.png,Bowler,Right hand Bat,Right arm Medium fast
191,191.0,Yuzvendra Chahal,0.0,0.0,0.0,0.0,0.0,0,0,0.0,0.0,0.0,0.0,18.0,30.0,58.0,546.0,3/11,9.0,19.0,1.0,0.0,0.0,https://scores.iplt20.com/ipl/teamlogos/RR.png?,https://scores.iplt20.com/ipl/playerimages/Yuzvendra Chahal.png,Bowler,Right hand Bat,Legbreak Googly
192,,Akash Singh,,,,,,,,,,,,,,,,,,,,,,https://scores.iplt20.com/ipl/teamlogos/CSK.png,https://scores.iplt20.com/ipl/playerimages/Akash Singh.png,Bowler,Right hand Bat,Left arm Medium fast
193,,Bhagath Varma,,,,,,,,,,,,,,,,,,,,,,https://scores.iplt20.com/ipl/teamlogos/CSK.png,https://scores.iplt20.com/ipl/playerimages/Bhagath Varma.png,Bowling Allrounder,Right hand Bat,Right arm Offbreak
194,,Devon Conway,,,,,,,,,,,,,,,,,,,,,,https://scores.iplt20.com/ipl/teamlogos/CSK.png,https://scores.iplt20.com/ipl/playerimages/Devon Conway.png,Wicketkeeper Batter,Left hand Bat,Right arm Medium
195,,Rajvardhan Hangargekar,,,,,,,,,,,,,,,,,,,,,,https://scores.iplt20.com/ipl/teamlogos/CSK.png,https://scores.iplt20.com/ipl/playerimages/Rajvardhan Hangargekar.png,Bowling Allrounder,Right hand Bat,Right arm Fast medium
196,,Sisanda Magala,,,,,,,,,,,,,,,,,,,,,,https://scores.iplt20.com/ipl/teamlogos/CSK.png,https://scores.iplt20.com/ipl/playerimages/Sisanda Magala.png,Bowler,Right hand Bat,Right arm Fast medium
197,,Ajay Mandal,,,,,,,,,,,,,,,,,,,,,,https://scores.iplt20.com/ipl/teamlogos/CSK.png,https://scores.iplt20.com/ipl/playerimages/Ajay Mandal.png,Allrounder,Left hand Bat,Slow Left arm Orthodox
198,,Dwaine Pretorius,,,,,,,,,,,,,,,,,,,,,,https://scores.iplt20.com/ipl/teamlogos/CSK.png,https://scores.iplt20.com/ipl/playerimages/Dwaine Pretorius.png,Bowling Allrounder,Right hand Bat,Right arm Medium fast
199,,Shaik Rasheed,,,,,,,,,,,,,,,,,,,,,,https://scores.iplt20.com/ipl/teamlogos/CSK.png,https://scores.iplt20.com/ipl/playerimages/Shaik Rasheed.png,Batter,Right hand Bat,Legbreak
200,,Ambati Rayudu,,,,,,,,,,,,,,,,,,,,,,https://scores.iplt20.com/ipl/teamlogos/CSK.png,https://scores.iplt20.com/ipl/playerimages/Ambati Rayudu.png,Middle order Batter,Right hand Bat,Right arm Offbreak
201,,Subhranshu Senapati,,,,,,,,,,,,,,,,,,,,,,https://scores.iplt20.com/ipl/teamlogos/CSK.png,https://scores.iplt20.com/ipl/playerimages/Subhranshu Senapati.png,Top order Batter,Right hand Bat,Right arm Medium
202,,Nishant Sindhu,,,,,,,,,,,,,,,,,,,,,,https://scores.iplt20.com/ipl/teamlogos/CSK.png,https://scores.iplt20.com/ipl/playerimages/Nishant Sindhu.png,Allrounder,Left hand Bat,Slow Left arm Orthodox
203,,Prashant Solanki,,,,,,,,,,,,,,,,,,,,,,https://scores.iplt20.com/ipl/teamlogos/CSK.png,https://scores.iplt20.com/ipl/playerimages/Prashant Solanki.png,Bowler,Right hand Bat,Legbreak
204,,Ben Stokes,,,,,,,,,,,,,,,,,,,,,,https://scores.iplt20.com/ipl/teamlogos/CSK.png,https://scores.iplt20.com/ipl/playerimages/Ben Stokes.png,Allrounder,Left hand Bat,Right arm Fast medium
205,,Kyle Jamieson,,,,,,,,,,,,,,,,,,,,,,https://scores.iplt20.com/ipl/teamlogos/CSK.png,https://scores.iplt20.com/ipl/playerimages/Kyle Jamieson.png,Bowler,Right hand Bat,Right arm Fast medium
206,,Mukesh Choudhary,,,,,,,,,,,,,,,,,,,,,,https://scores.iplt20.com/ipl/teamlogos/CSK.png,https://scores.iplt20.com/ipl/playerimages/Mukesh Choudhary.png,Bowler,Left hand Bat,Left arm Medium
207,,Aman Hakim Khan,,,,,,,,,,,,,,,,,,,,,,https://scores.iplt20.com/ipl/teamlogos/DC.png,https://scores.iplt20.com/ipl/playerimages/Aman Hakim Khan.png,Allrounder,Right hand Bat,Right arm Medium
208,,Yash Dhull,,,,,,,,,,,,,,,,,,,,,,https://scores.iplt20.com/ipl/teamlogos/DC.png,https://scores.iplt20.com/ipl/playerimages/Yash Dhull.png,Top order Batter,Right hand Bat,Right arm Offbreak
209,,Praveen Dubey,,,,,,,,,,,,,,,,,,,,,,https://scores.iplt20.com/ipl/teamlogos/DC.png,https://scores.iplt20.com/ipl/playerimages/Praveen Dubey.png,Bowler,Right hand Bat,Legbreak Googly
210,,Priyam Garg,,,,,,,,,,,,,,,,,,,,,,https://scores.iplt20.com/ipl/teamlogos/DC.png,https://scores.iplt20.com/ipl/playerimages/Priyam Garg.png,Top order Batter,Right hand Bat,Right arm Medium
211,,Sarfaraz Khan,,,,,,,,,,,,,,,,,,,,,,https://scores.iplt20.com/ipl/teamlogos/DC.png,https://scores.iplt20.com/ipl/playerimages/Sarfaraz Khan.png,Middle order Batter,Right hand Bat,Legbreak
212,,Lungi Ngidi,,,,,,,,,,,,,,,,,,,,,,https://scores.iplt20.com/ipl/teamlogos/DC.png,https://scores.iplt20.com/ipl/playerimages/Lungi Ngidi.png,Bowler,Right hand Bat,Right arm Fast medium
213,,Vicky Ostwal,,,,,,,,,,,,,,,,,,,,,,https://scores.iplt20.com/ipl/teamlogos/DC.png,https://scores.iplt20.com/ipl/playerimages/Vicky Ostwal.png,Bowler,Right hand Bat,Slow Left arm Orthodox
214,,Ripal Patel,,,,,,,,,,,,,,,,,,,,,,https://scores.iplt20.com/ipl/teamlogos/DC.png,https://scores.iplt20.com/ipl/playerimages/Ripal Patel.png,Middle order Batter,Right hand Bat,Right arm Medium fast
215,,Chetan Sakariya,,,,,,,,,,,,,,,,,,,,,,https://scores.iplt20.com/ipl/teamlogos/DC.png,https://scores.iplt20.com/ipl/playerimages/Chetan Sakariya.png,Bowler,Left hand Bat,Left arm Medium fast
216,,Kamlesh Nagarkoti,,,,,,,,,,,,,,,,,,,,,,https://scores.iplt20.com/ipl/teamlogos/DC.png,https://scores.iplt20.com/ipl/playerimages/Kamlesh Nagarkoti.png,Bowler,Right hand Bat,Right arm Fast
217,,Srikar Bharat,,,,,,,,,,,,,,,,,,,,,,https://scores.iplt20.com/ipl/teamlogos/GT.png,https://scores.iplt20.com/ipl/playerimages/Srikar Bharat.png,Wicketkeeper Batter,Right hand Bat,DNB
218,,Josh Little,,,,,,,,,,,,,,,,,,,,,,https://scores.iplt20.com/ipl/teamlogos/GT.png,https://scores.iplt20.com/ipl/playerimages/Josh Little.png,Bowler,Right hand Bat,Left arm Fast medium
219,,Mohammed Shami,,,,,,,,,,,,,,,,,,,,,,https://scores.iplt20.com/ipl/teamlogos/GT.png,https://scores.iplt20.com/ipl/playerimages/Mohammed Shami.png,Bowler,Right hand Bat,Right arm Fast
220,,Urvil Patel,,,,,,,,,,,,,,,,,,,,,,https://scores.iplt20.com/ipl/teamlogos/GT.png,https://scores.iplt20.com/ipl/playerimages/Urvil Patel.png,Wicketkeeper Batter,Right hand Bat,DNB
221,,Ravisrinivasan Sai Kishore,,,,,,,,,,,,,,,,,,,,,,https://scores.iplt20.com/ipl/teamlogos/GT.png,https://scores.iplt20.com/ipl/playerimages/Ravisrinivasan Sai Kishore.png,Bowler,Left hand Bat,Slow Left arm Orthodox
222,,Pradeep Sangwan,,,,,,,,,,,,,,,,,,,,,,https://scores.iplt20.com/ipl/teamlogos/GT.png,https://scores.iplt20.com/ipl/playerimages/Pradeep Sangwan.png,Bowler,Right hand Bat,Left arm Medium
223,,Dasun Shanaka,,,,,,,,,,,,,,,,,,,,,,https://scores.iplt20.com/ipl/teamlogos/GT.png,https://scores.iplt20.com/ipl/playerimages/Dasun Shanaka.png,Allrounder,Right hand Bat,Right arm Medium
224,,Shivam Mavi,,,,,,,,,,,,,,,,,,,,,,https://scores.iplt20.com/ipl/teamlogos/GT.png,https://scores.iplt20.com/ipl/playerimages/Shivam Mavi.png,Bowler,Right hand Bat,Right arm Fast medium
225,,Odean Smith,,,,,,,,,,,,,,,,,,,,,,https://scores.iplt20.com/ipl/teamlogos/GT.png,https://scores.iplt20.com/ipl/playerimages/Odean Smith.png,Bowling Allrounder,Right hand Bat,Right arm Fast medium
226,,Jayant Yadav,,,,,,,,,,,,,,,,,,,,,,https://scores.iplt20.com/ipl/teamlogos/GT.png,https://scores.iplt20.com/ipl/playerimages/Jayant Yadav.png,Bowler,Right hand Bat,Right arm Offbreak
227,,Aarya Desai,,,,,,,,,,,,,,,,,,,,,,https://scores.iplt20.com/ipl/teamlogos/KKR.png,https://scores.iplt20.com/ipl/playerimages/Aarya Desai.png,Opening Batter,Left hand Bat,Right arm Offbreak
228,,Johnson Charles,,,,,,,,,,,,,,,,,,,,,,https://scores.iplt20.com/ipl/teamlogos/KKR.png,https://scores.iplt20.com/ipl/playerimages/Johnson Charles.png,Wicketkeeper Batter,Right hand Bat,DNB
229,,Narayan Jagadeesan,,,,,,,,,,,,,,,,,,,,,,https://scores.iplt20.com/ipl/teamlogos/KKR.png,https://scores.iplt20.com/ipl/playerimages/Narayan Jagadeesan.png,Opening Batter,Right hand Bat,DNB
230,,Kulwant Khejroliya,,,,,,,,,,,,,,,,,,,,,,https://scores.iplt20.com/ipl/teamlogos/KKR.png,https://scores.iplt20.com/ipl/playerimages/Kulwant Khejroliya.png,Bowler,Left hand Bat,Left arm Medium fast
231,,Mandeep Singh,,,,,,,,,,,,,,,,,,,,,,https://scores.iplt20.com/ipl/teamlogos/KKR.png,https://scores.iplt20.com/ipl/playerimages/Mandeep Singh.png,Allrounder,Right hand Bat,Right arm Medium
232,,Jason Roy,,,,,,,,,,,,,,,,,,,,,,https://scores.iplt20.com/ipl/teamlogos/KKR.png,https://scores.iplt20.com/ipl/playerimages/Jason Roy.png,Opening Batter,Right hand Bat,DNB
233,,Tim Southee,,,,,,,,,,,,,,,,,,,,,,https://scores.iplt20.com/ipl/teamlogos/KKR.png,https://scores.iplt20.com/ipl/playerimages/Tim Southee.png,Bowler,Right hand Bat,Right arm Medium fast
234,,Suyash Sharma,,,,,,,,,,,,,,,,,,,,,,https://scores.iplt20.com/ipl/teamlogos/KKR.png,https://scores.iplt20.com/ipl/playerimages/Suyash Sharma.png,Bowler,Right hand Bat,Legbreak Googly
235,,Varun Chakravarthy,,,,,,,,,,,,,,,,,,,,,,https://scores.iplt20.com/ipl/teamlogos/KKR.png,https://scores.iplt20.com/ipl/playerimages/Varun Chakravarthy.png,Bowler,Right hand Bat,Legbreak Googly
236,,David Wiese,,,,,,,,,,,,,,,,,,,,,,https://scores.iplt20.com/ipl/teamlogos/KKR.png,https://scores.iplt20.com/ipl/playerimages/David Wiese.png,Allrounder,Right hand Bat,Right arm Medium fast
237,,Litton Das,,,,,,,,,,,,,,,,,,,,,,https://scores.iplt20.com/ipl/teamlogos/KKR.png,https://scores.iplt20.com/ipl/playerimages/Litton Das.png,Wicketkeeper Batter,Right hand Bat,Right arm Offbreak
238,,Shakib Al Hasan,,,,,,,,,,,,,,,,,,,,,,https://scores.iplt20.com/ipl/teamlogos/KKR.png,https://scores.iplt20.com/ipl/playerimages/Shakib Al Hasan.png,Allrounder,Left hand Bat,Slow Left arm Orthodox
239,,Krishnappa Gowtham,,,,,,,,,,,,,,,,,,,,,,https://scores.iplt20.com/ipl/teamlogos/LSG.png,https://scores.iplt20.com/ipl/playerimages/Krishnappa Gowtham.png,Bowling Allrounder,Right hand Bat,Right arm Offbreak
240,,Arpit Guleria,,,,,,,,,,,,,,,,,,,,,,https://scores.iplt20.com/ipl/teamlogos/LSG.png,https://scores.iplt20.com/ipl/playerimages/Arpit Guleria.png,Bowler,Right hand Bat,Right arm Medium
241,,Prerak Mankad,,,,,,,,,,,,,,,,,,,,,,https://scores.iplt20.com/ipl/teamlogos/LSG.png,https://scores.iplt20.com/ipl/playerimages/Prerak Mankad.png,Allrounder,Right hand Bat,Right arm Medium
242,,Kyle Mayers,,,,,,,,,,,,,,,,,,,,,,https://scores.iplt20.com/ipl/teamlogos/LSG.png,https://scores.iplt20.com/ipl/playerimages/Kyle Mayers.png,Batting Allrounder,Left hand Bat,Right arm Medium
243,,Daniel Sams,,,,,,,,,,,,,,,,,,,,,,https://scores.iplt20.com/ipl/teamlogos/LSG.png,https://scores.iplt20.com/ipl/playerimages/Daniel Sams.png,Allrounder,Right hand Bat,Left arm Fast medium
244,,Karan Sharma,,,,,,,,,,,,,,,,,,,,,,https://scores.iplt20.com/ipl/teamlogos/LSG.png,https://scores.iplt20.com/ipl/playerimages/Karan Sharma.png,Allrounder,Right hand Bat,Right arm Offbreak
245,,Manan Vohra,,,,,,,,,,,,,,,,,,,,,,https://scores.iplt20.com/ipl/teamlogos/LSG.png,https://scores.iplt20.com/ipl/playerimages/Manan Vohra.png,Opening Batter,Right hand Bat,Right arm Medium
246,,Mark Wood,,,,,,,,,,,,,,,,,,,,,,https://scores.iplt20.com/ipl/teamlogos/LSG.png,https://scores.iplt20.com/ipl/playerimages/Mark Wood.png,Bowler,Right hand Bat,Right arm Fast
247,,Jason Behrendorff,,,,,,,,,,,,,,,,,,,,,,https://scores.iplt20.com/ipl/teamlogos/MI.png,https://scores.iplt20.com/ipl/playerimages/Jason Behrendorff.png,Bowler,Right hand Bat,Left arm Fast medium
248,,Raghav Goyal,,,,,,,,,,,,,,,,,,,,,,https://scores.iplt20.com/ipl/teamlogos/MI.png,https://scores.iplt20.com/ipl/playerimages/Raghav Goyal.png,Bowler,Left hand Bat,Left arm Wrist spin
249,,Duan Jansen,,,,,,,,,,,,,,,,,,,,,,https://scores.iplt20.com/ipl/teamlogos/MI.png,https://scores.iplt20.com/ipl/playerimages/Duan Jansen.png,Bowler,Right hand Bat,Left arm Fast
250,,Chris Jordan,,,,,,,,,,,,,,,,,,,,,,https://scores.iplt20.com/ipl/teamlogos/MI.png,https://scores.iplt20.com/ipl/playerimages/Chris Jordan.png,Bowler,Right hand Bat,Right arm Fast medium
251,,Kumar Kartikeya,,,,,,,,,,,,,,,,,,,,,,https://scores.iplt20.com/ipl/teamlogos/MI.png,https://scores.iplt20.com/ipl/playerimages/Kumar Kartikeya.png,Bowler,Right hand Bat,Slow Left arm Orthodox
252,,Riley Meredith,,,,,,,,,,,,,,,,,,,,,,https://scores.iplt20.com/ipl/teamlogos/MI.png,https://scores.iplt20.com/ipl/playerimages/Riley Meredith.png,Bowler,Right hand Bat,Right arm Fast
253,,Shams Mulani,,,,,,,,,,,,,,,,,,,,,,https://scores.iplt20.com/ipl/teamlogos/MI.png,https://scores.iplt20.com/ipl/playerimages/Shams Mulani.png,Allrounder,Left hand Bat,Slow Left arm Orthodox
254,,Hrithik Shokeen,,,,,,,,,,,,,,,,,,,,,,https://scores.iplt20.com/ipl/teamlogos/MI.png,https://scores.iplt20.com/ipl/playerimages/Hrithik Shokeen.png,Bowler,Right hand Bat,Right arm Offbreak
255,,Arjun Tendulkar,,,,,,,,,,,,,,,,,,,,,,https://scores.iplt20.com/ipl/teamlogos/MI.png,https://scores.iplt20.com/ipl/playerimages/Arjun Tendulkar.png,Bowler,Left hand Bat,Left arm Medium fast
256,,Vishnu Vinod,,,,,,,,,,,,,,,,,,,,,,https://scores.iplt20.com/ipl/teamlogos/MI.png,https://scores.iplt20.com/ipl/playerimages/Vishnu Vinod.png,Wicketkeeper Batter,Right hand Bat,DNB
257,,Jofra Archer,,,,,,,,,,,,,,,,,,,,,,https://scores.iplt20.com/ipl/teamlogos/MI.png,https://scores.iplt20.com/ipl/playerimages/Jofra Archer.png,Bowler,Right hand Bat,Right arm Fast
258,,Jhye Richardson,,,,,,,,,,,,,,,,,,,,,,https://scores.iplt20.com/ipl/teamlogos/MI.png,https://scores.iplt20.com/ipl/playerimages/Jhye Richardson.png,Bowler,Right hand Bat,Right arm Fast
259,,Baltej Singh,,,,,,,,,,,,,,,,,,,,,,https://scores.iplt20.com/ipl/teamlogos/PBKS.png,https://scores.iplt20.com/ipl/playerimages/Baltej Singh.png,Bowler,Right hand Bat,Right arm Medium
260,,Rishi Dhawan,,,,,,,,,,,,,,,,,,,,,,https://scores.iplt20.com/ipl/teamlogos/PBKS.png,https://scores.iplt20.com/ipl/playerimages/Rishi Dhawan.png,Allrounder,Right hand Bat,Right arm Medium fast
261,,Gurnoor Brar,,,,,,,,,,,,,,,,,,,,,,https://scores.iplt20.com/ipl/teamlogos/PBKS.png,https://scores.iplt20.com/ipl/playerimages/Gurnoor Brar.png,Bowler,Left hand Bat,Right arm Fast
262,,Mohit Rathee,,,,,,,,,,,,,,,,,,,,,,https://scores.iplt20.com/ipl/teamlogos/PBKS.png,https://scores.iplt20.com/ipl/playerimages/Mohit Rathee.png,Allrounder,Right hand Bat,Legbreak
263,,Bhanuka Rajapaksa,,,,,,,,,,,,,,,,,,,,,,https://scores.iplt20.com/ipl/teamlogos/PBKS.png,https://scores.iplt20.com/ipl/playerimages/Bhanuka Rajapaksa.png,Top order Batter,Left hand Bat,Right arm Medium
264,,M Shahrukh Khan,,,,,,,,,,,,,,,,,,,,,,https://scores.iplt20.com/ipl/teamlogos/PBKS.png,https://scores.iplt20.com/ipl/playerimages/M Shahrukh Khan.png,Batter,Right hand Bat,Right arm Offbreak
265,,Shivam Singh,,,,,,,,,,,,,,,,,,,,,,https://scores.iplt20.com/ipl/teamlogos/PBKS.png,https://scores.iplt20.com/ipl/playerimages/Shivam Singh.png,Middle order Batter,Right hand Bat,Right arm Offbreak
266,,Matthew Short,,,,,,,,,,,,,,,,,,,,,,https://scores.iplt20.com/ipl/teamlogos/PBKS.png,https://scores.iplt20.com/ipl/playerimages/Matthew Short.png,Top order Batter,Right hand Bat,Right arm Offbreak
267,,RajBawa,,,,,,,,,,,,,,,,,,,,,,https://scores.iplt20.com/ipl/teamlogos/PBKS.png,https://scores.iplt20.com/ipl/playerimages/RajBawa.png,Allrounder,Left hand Bat,Right arm Medium fast
268,,Abdul Basith,,,,,,,,,,,,,,,,,,,,,,https://scores.iplt20.com/ipl/teamlogos/RR.png,https://scores.iplt20.com/ipl/playerimages/Abdul Basith.png,Allrounder,Right hand Bat,Right arm Offbreak
269,,Murugan Ashwin,,,,,,,,,,,,,,,,,,,,,,https://scores.iplt20.com/ipl/teamlogos/RR.png,https://scores.iplt20.com/ipl/playerimages/Murugan Ashwin.png,Bowler,Right hand Bat,Legbreak Googly
270,,KM Asif,,,,,,,,,,,,,,,,,,,,,,https://scores.iplt20.com/ipl/teamlogos/RR.png,https://scores.iplt20.com/ipl/playerimages/KM Asif.png,Bowler,Right hand Bat,Right arm Medium
271,,KC Cariappa,,,,,,,,,,,,,,,,,,,,,,https://scores.iplt20.com/ipl/teamlogos/RR.png,https://scores.iplt20.com/ipl/playerimages/KC Cariappa.png,Bowler,Right hand Bat,Legbreak
272,,Jason Holder,,,,,,,,,,,,,,,,,,,,,,https://scores.iplt20.com/ipl/teamlogos/RR.png,https://scores.iplt20.com/ipl/playerimages/Jason Holder.png,Bowling Allrounder,Right hand Bat,Right arm Medium fast
273,,Obed McCoy,,,,,,,,,,,,,,,,,,,,,,https://scores.iplt20.com/ipl/teamlogos/RR.png,https://scores.iplt20.com/ipl/playerimages/Obed McCoy.png,Bowler,Left hand Bat,Left arm Fast medium
274,,Kunal Singh Rathore,,,,,,,,,,,,,,,,,,,,,,https://scores.iplt20.com/ipl/teamlogos/RR.png,https://scores.iplt20.com/ipl/playerimages/Kunal Singh Rathore.png,Wicketkeeper Batter,Left hand Bat,DNB
275,,Joe Root,,,,,,,,,,,,,,,,,,,,,,https://scores.iplt20.com/ipl/teamlogos/RR.png,https://scores.iplt20.com/ipl/playerimages/Joe Root.png,Top order Batter,Right hand Bat,Right arm Offbreak
276,,Navdeep Saini,,,,,,,,,,,,,,,,,,,,,,https://scores.iplt20.com/ipl/teamlogos/RR.png,https://scores.iplt20.com/ipl/playerimages/Navdeep Saini.png,Bowler,Right hand Bat,Right arm Fast
277,,Akash Vasisht,,,,,,,,,,,,,,,,,,,,,,https://scores.iplt20.com/ipl/teamlogos/RR.png,https://scores.iplt20.com/ipl/playerimages/Akash Vasisht.png,Allrounder,Left hand Bat,Slow Left arm Orthodox
278,,Kuldip Yadav,,,,,,,,,,,,,,,,,,,,,,https://scores.iplt20.com/ipl/teamlogos/RR.png,https://scores.iplt20.com/ipl/playerimages/Kuldip Yadav.png,Bowler,Left hand Bat,Left arm Fast medium
279,,Adam Zampa,,,,,,,,,,,,,,,,,,,,,,https://scores.iplt20.com/ipl/teamlogos/RR.png,https://scores.iplt20.com/ipl/playerimages/Adam Zampa.png,Bowler,Right hand Bat,Legbreak Googly
280,,Prasidh Krishna,,,,,,,,,,,,,,,,,,,,,,https://scores.iplt20.com/ipl/teamlogos/RR.png,https://scores.iplt20.com/ipl/playerimages/Prasidh Krishna.png,Bowler,Right hand Bat,Right arm Fast medium
281,,Finn Allen,,,,,,,,,,,,,,,,,,,,,,https://scores.iplt20.com/ipl/teamlogos/RCB.png,https://scores.iplt20.com/ipl/playerimages/Finn Allen.png,Top order Batter,Right hand Bat,DNB
282,,Avinash Singh,,,,,,,,,,,,,,,,,,,,,,https://scores.iplt20.com/ipl/teamlogos/RCB.png,https://scores.iplt20.com/ipl/playerimages/Avinash Singh.png,Bowler,Right hand Bat,Right arm Fast
283,,Manoj Bhandage,,,,,,,,,,,,,,,,,,,,,,https://scores.iplt20.com/ipl/teamlogos/RCB.png,https://scores.iplt20.com/ipl/playerimages/Manoj Bhandage.png,Allrounder,Left hand Bat,Right arm Medium fast
284,,Michael Bracewell,,,,,,,,,,,,,,,,,,,,,,https://scores.iplt20.com/ipl/teamlogos/RCB.png,https://scores.iplt20.com/ipl/playerimages/Michael Bracewell.png,Batting Allrounder,Left hand Bat,Right arm Offbreak
285,,Wanindu Hasaranga,,,,,,,,,,,,,,,,,,,,,,https://scores.iplt20.com/ipl/teamlogos/RCB.png,https://scores.iplt20.com/ipl/playerimages/Wanindu Hasaranga.png,Allrounder,Right hand Bat,Legbreak
286,,Josh Hazlewood,,,,,,,,,,,,,,,,,,,,,,https://scores.iplt20.com/ipl/teamlogos/RCB.png,https://scores.iplt20.com/ipl/playerimages/Josh Hazlewood.png,Bowler,Left hand Bat,Right arm Fast medium
287,,Kedar Jadhav,,,,,,,,,,,,,,,,,,,,,,https://scores.iplt20.com/ipl/teamlogos/RCB.png,https://scores.iplt20.com/ipl/playerimages/Kedar Jadhav.png,Batting Allrounder,Right hand Bat,Right arm Offbreak
288,,Siddarth Kaul,,,,,,,,,,,,,,,,,,,,,,https://scores.iplt20.com/ipl/teamlogos/RCB.png,https://scores.iplt20.com/ipl/playerimages/Siddarth Kaul.png,Bowler,Right hand Bat,Right arm Medium
289,,Wayne Parnell,,,,,,,,,,,,,,,,,,,,,,https://scores.iplt20.com/ipl/teamlogos/RCB.png,https://scores.iplt20.com/ipl/playerimages/Wayne Parnell.png,Bowler,Left hand Bat,Left arm Medium fast
290,,Rajan Kumar,,,,,,,,,,,,,,,,,,,,,,https://scores.iplt20.com/ipl/teamlogos/RCB.png,https://scores.iplt20.com/ipl/playerimages/Rajan Kumar.png,Bowler,Left hand Bat,Left arm Medium fast
291,,Himanshu Sharma,,,,,,,,,,,,,,,,,,,,,,https://scores.iplt20.com/ipl/teamlogos/RCB.png,https://scores.iplt20.com/ipl/playerimages/Himanshu Sharma.png,Bowler,Right hand Bat,Legbreak
292,,Sonu Yadav,,,,,,,,,,,,,,,,,,,,,,https://scores.iplt20.com/ipl/teamlogos/RCB.png,https://scores.iplt20.com/ipl/playerimages/Sonu Yadav.png,Allrounder,Right hand Bat,Right arm Medium fast
293,,Will Jacks,,,,,,,,,,,,,,,,,,,,,,https://scores.iplt20.com/ipl/teamlogos/RCB.png,https://scores.iplt20.com/ipl/playerimages/Will Jacks.png,Batter,Right hand Bat,Right arm Offbreak
294,,David Willey,,,,,,,,,,,,,,,,,,,,,,https://scores.iplt20.com/ipl/teamlogos/RCB.png,https://scores.iplt20.com/ipl/playerimages/David Willey.png,Bowling Allrounder,Left hand Bat,Left arm Fast medium
295,,Harry Brook,,,,,,,,,,,,,,,,,,,,,,https://scores.iplt20.com/ipl/teamlogos/SRH.png,https://scores.iplt20.com/ipl/playerimages/Harry Brook.png,Batter,Right hand Bat,Right arm Medium
296,,Fazalhaq Farooqi,,,,,,,,,,,,,,,,,,,,,,https://scores.iplt20.com/ipl/teamlogos/SRH.png,https://scores.iplt20.com/ipl/playerimages/Fazalhaq Farooqi.png,Bowler,Right hand Bat,Left arm Fast medium
297,,Akeal Hosein,,,,,,,,,,,,,,,,,,,,,,https://scores.iplt20.com/ipl/teamlogos/SRH.png,https://scores.iplt20.com/ipl/playerimages/Akeal Hosein.png,Bowler,Left hand Bat,Slow Left arm Orthodox
298,,Kartik Tyagi,,,,,,,,,,,,,,,,,,,,,,https://scores.iplt20.com/ipl/teamlogos/SRH.png,https://scores.iplt20.com/ipl/playerimages/Kartik Tyagi.png,Bowler,Right hand Bat,Right arm Fast
299,,Glenn Phillips,,,,,,,,,,,,,,,,,,,,,,https://scores.iplt20.com/ipl/teamlogos/SRH.png,https://scores.iplt20.com/ipl/playerimages/Glenn Phillips.png,Wicketkeeper Batter,Right hand Bat,Right arm Offbreak
300,,Adil Rashid,,,,,,,,,,,,,,,,,,,,,,https://scores.iplt20.com/ipl/teamlogos/SRH.png,https://scores.iplt20.com/ipl/playerimages/Adil Rashid.png,Bowler,Right hand Bat,Legbreak
301,,Umran Malik,,,,,,,,,,,,,,,,,,,,,,https://scores.iplt20.com/ipl/teamlogos/SRH.png,https://scores.iplt20.com/ipl/playerimages/Umran Malik.png,Bowler,Right hand Bat,Right arm Fast
302,,Vivrant Sharma,,,,,,,,,,,,,,,,,,,,,,https://scores.iplt20.com/ipl/teamlogos/SRH.png,https://scores.iplt20.com/ipl/playerimages/Vivrant Sharma.png,Allrounder,Left hand Bat,Legbreak Googly
303,,Samarth Vyas,,,,,,,,,,,,,,,,,,,,,,https://scores.iplt20.com/ipl/teamlogos/SRH.png,https://scores.iplt20.com/ipl/playerimages/Samarth Vyas.png,Allrounder,Right hand Bat,Legbreak Googly
304,,Upendra Yadav,,,,,,,,,,,,,,,,,,,,,,https://scores.iplt20.com/ipl/teamlogos/SRH.png,https://scores.iplt20.com/ipl/playerimages/Upendra Yadav.png,Wicketkeeper Batter,Right hand Bat,Right arm Offbreak
