,ID,Match No,Name,Team1,Team1 Logo,Team2,Team2 Logo,Score1,Score2,Summary,Stadium,City,Team1_Captain,Team2_Captain
0,4,Match 5,Gujarat Titans vs Mumbai Indians,Gujarat Titans,https://scores.iplt20.com/ipl/teamlogos/GT.png,Mumbai Indians,https://scores.iplt20.com/ipl/teamlogos/MI.png,168/6 (20 overs),162/9 (20 overs),Gujarat Titans won by 6 runs,Narendra Modi Stadium,Ahmedabad,https://scores.iplt20.com/ipl/playerimages/Shubman Gill.png,https://scores.iplt20.com/ipl/playerimages/Hardik Pandya.png
1,11,Match 12,Sunrisers Hyderabad vs Gujarat Titans,Sunrisers Hyderabad,https://scores.iplt20.com/ipl/teamlogos/SRH.png,Gujarat Titans,https://scores.iplt20.com/ipl/teamlogos/GT.png,162/8 (20 overs),168/3 (19.1 overs),Gujarat Titans won by 7 wickets,Narendra Modi Stadium,Ahmedabad,https://scores.iplt20.com/ipl/playerimages/Pat Cummins.png,https://scores.iplt20.com/ipl/playerimages/Shubman Gill.png
2,16,Match 17,Gujarat Titans vs Punjab Kings,Gujarat Titans,https://scores.iplt20.com/ipl/teamlogos/GT.png,Punjab Kings,https://scores.iplt20.com/ipl/teamlogos/PBKS.png,199/4 (20 overs),200/7 (19.5 overs),Punjab Kings won by 3 wickets,Narendra Modi Stadium,Ahmedabad,https://scores.iplt20.com/ipl/playerimages/Shubman Gill.png,https://scores.iplt20.com/ipl/playerimages/Shikhar Dhawan.png
3,31,Match 32,Gujarat Titans vs Delhi Capitals,Gujarat Titans,https://scores.iplt20.com/ipl/teamlogos/GT.png,Delhi Capitals,https://scores.iplt20.com/ipl/teamlogos/DC.png,89 (17.3 overs),92/4 (8.5 overs),Delhi Capitals won by 6 wickets,Narendra Modi Stadium,Ahmedabad,https://scores.iplt20.com/ipl/playerimages/Shubman Gill.png,https://scores.iplt20.com/ipl/playerimages/Rishabh Pant.png
4,44,Match 45,Gujarat Titans vs Royal Challengers Bengaluru,Gujarat Titans,https://scores.iplt20.com/ipl/teamlogos/GT.png,Royal Challengers Bengaluru,https://scores.iplt20.com/ipl/teamlogos/RCB.png,200/3 (20 overs),206/1 (16 overs),Royal Challengers Bengaluru won by 9 wickets,Narendra Modi Stadium,Ahmedabad,https://scores.iplt20.com/ipl/playerimages/Shubman Gill.png,https://scores.iplt20.com/ipl/playerimages/Faf du Plessis.png
5,58,Match 59,Gujarat Titans vs Chennai Super Kings,Gujarat Titans,https://scores.iplt20.com/ipl/teamlogos/GT.png,Chennai Super Kings,https://scores.iplt20.com/ipl/teamlogos/CSK.png,231/3 (20 overs),196/8 (20 overs),Gujarat Titans won by 35 runs,Narendra Modi Stadium,Ahmedabad,https://scores.iplt20.com/ipl/playerimages/Shubman Gill.png,https://scores.iplt20.com/ipl/playerimages/Ruturaj Gaikwad.png
6,62,Match 63,Gujarat Titans vs Kolkata Knight Riders,Gujarat Titans,https://scores.iplt20.com/ipl/teamlogos/GT.png,Kolkata Knight Riders,https://scores.iplt20.com/ipl/teamlogos/KKR.png,0/0 (0 overs),0/0 (0 overs),Match abandoned,Narendra Modi Stadium,Ahmedabad,https://scores.iplt20.com/ipl/playerimages/Shubman Gill.png,https://scores.iplt20.com/ipl/playerimages/Shreyas Iyer.png
7,70,Qualifier 1,Sunrisers Hyderabad vs Kolkata Knight Riders,Sunrisers Hyderabad,https://scores.iplt20.com/ipl/teamlogos/SRH.png,Kolkata Knight Riders,https://scores.iplt20.com/ipl/teamlogos/KKR.png,159 (19.3 overs),164/2 (13.4 overs),Kolkata Knight Riders won by 8 wickets,Narendra Modi Stadium,Ahmedabad,https://scores.iplt20.com/ipl/playerimages/Pat Cummins.png,https://scores.iplt20.com/ipl/playerimages/Shreyas Iyer.png
8,71,Eliminator,Royal Challengers Bengaluru vs Rajasthan Royals,Royal Challengers Bengaluru,https://scores.iplt20.com/ipl/teamlogos/RCB.png,Rajasthan Royals,https://scores.iplt20.com/ipl/teamlogos/RR.png,172/8 (20 overs),174/6 (19 overs),Rajasthan Royals won by 4 wickets,Narendra Modi Stadium,Ahmedabad,https://scores.iplt20.com/ipl/playerimages/Faf du Plessis.png,https://scores.iplt20.com/ipl/playerimages/Sanju Samson.png
9,5,Match 6,Punjab Kings vs Royal Challengers Bengaluru,Punjab Kings,https://scores.iplt20.com/ipl/teamlogos/PBKS.png,Royal Challengers Bengaluru,https://scores.iplt20.com/ipl/teamlogos/RCB.png,176/6 (20 overs),178/6 (19.2 overs),Royal Challengers Bengaluru won by 4 wickets,M. Chinnaswamy Stadium,Bengaluru,https://scores.iplt20.com/ipl/playerimages/Shikhar Dhawan.png,https://scores.iplt20.com/ipl/playerimages/Faf du Plessis.png
10,9,Match 10,Royal Challengers Bengaluru vs Kolkata Knight Riders,Royal Challengers Bengaluru,https://scores.iplt20.com/ipl/teamlogos/RCB.png,Kolkata Knight Riders,https://scores.iplt20.com/ipl/teamlogos/KKR.png,182/6 (20 overs),186/3 (16.5 overs),Kolkata Knight Riders won by 7 wickets,M. Chinnaswamy Stadium,Bengaluru,https://scores.iplt20.com/ipl/playerimages/Faf du Plessis.png,https://scores.iplt20.com/ipl/playerimages/Shreyas Iyer.png
11,14,Match 15,Lucknow Super Giants vs Royal Challengers Bengaluru,Lucknow Super Giants,https://scores.iplt20.com/ipl/teamlogos/LSG.png,Royal Challengers Bengaluru,https://scores.iplt20.com/ipl/teamlogos/RCB.png,181/5 (20 overs),153 (19.4 overs),Lucknow Super Giants won by 28 runs,M. Chinnaswamy Stadium,Bengaluru,https://scores.iplt20.com/ipl/playerimages/KL Rahul.png,https://scores.iplt20.com/ipl/playerimages/Faf du Plessis.png
12,29,Match 30,Sunrisers Hyderabad vs Royal Challengers Bengaluru,Sunrisers Hyderabad,https://scores.iplt20.com/ipl/teamlogos/SRH.png,Royal Challengers Bengaluru,https://scores.iplt20.com/ipl/teamlogos/RCB.png,287/3 (20 overs),262/7 (20 overs),Sunrisers Hyderabad won by 25 runs,M. Chinnaswamy Stadium,Bengaluru,https://scores.iplt20.com/ipl/playerimages/Pat Cummins.png,https://scores.iplt20.com/ipl/playerimages/Faf du Plessis.png
13,51,Match 52,Gujarat Titans vs Royal Challengers Bengaluru,Gujarat Titans,https://scores.iplt20.com/ipl/teamlogos/GT.png,Royal Challengers Bengaluru,https://scores.iplt20.com/ipl/teamlogos/RCB.png,147 (19.3 overs),152/6 (13.4 overs),Royal Challengers Bengaluru won by 4 wickets,M. Chinnaswamy Stadium,Bengaluru,https://scores.iplt20.com/ipl/playerimages/Shubman Gill.png,https://scores.iplt20.com/ipl/playerimages/Faf du Plessis.png
14,61,Match 62,Royal Challengers Bengaluru vs Delhi Capitals,Royal Challengers Bengaluru,https://scores.iplt20.com/ipl/teamlogos/RCB.png,Delhi Capitals,https://scores.iplt20.com/ipl/teamlogos/DC.png,187/9 (20 overs),140 (19.1 overs),Royal Challengers Bengaluru won by 47 runs,M. Chinnaswamy Stadium,Bengaluru,https://scores.iplt20.com/ipl/playerimages/Faf du Plessis.png,https://scores.iplt20.com/ipl/playerimages/Rishabh Pant.png
15,67,Match 68,Royal Challengers Bengaluru vs Chennai Super Kings,Royal Challengers Bengaluru,https://scores.iplt20.com/ipl/teamlogos/RCB.png,Chennai Super Kings,https://scores.iplt20.com/ipl/teamlogos/CSK.png,218/5 (20 overs),191/7 (20 overs),Royal Challengers Bengaluru won by 27 runs,M. Chinnaswamy Stadium,Bengaluru,https://scores.iplt20.com/ipl/playerimages/Faf du Plessis.png,https://scores.iplt20.com/ipl/playerimages/Ruturaj Gaikwad.png
16,0,Match 1,Royal Challengers Bengaluru vs Chennai Super Kings,Royal Challengers Bengaluru,https://scores.iplt20.com/ipl/teamlogos/RCB.png,Chennai Super Kings,https://scores.iplt20.com/ipl/teamlogos/CSK.png,173/6 (20 overs),176/4 (18.4 overs),Chennai Super Kings won by 6 wickets,M. A. Chidambaram Stadium,Chennai,https://scores.iplt20.com/ipl/playerimages/Faf du Plessis.png,https://scores.iplt20.com/ipl/playerimages/Ruturaj Gaikwad.png
17,6,Match 7,Chennai Super Kings vs Gujarat Titans,Chennai Super Kings,https://scores.iplt20.com/ipl/teamlogos/CSK.png,Gujarat Titans,https://scores.iplt20.com/ipl/teamlogos/GT.png,206/6 (20 overs),143/8 (20 overs),Chennai Super Kings won by 63 runs,M. A. Chidambaram Stadium,Chennai,https://scores.iplt20.com/ipl/playerimages/Ruturaj Gaikwad.png,https://scores.iplt20.com/ipl/playerimages/Shubman Gill.png
18,21,Match 22,Kolkata Knight Riders vs Chennai Super Kings,Kolkata Knight Riders,https://scores.iplt20.com/ipl/teamlogos/KKR.png,Chennai Super Kings,https://scores.iplt20.com/ipl/teamlogos/CSK.png,137/9 (20 overs),141/3 (17.4 overs),Chennai Super Kings won by 7 wickets,M. A. Chidambaram Stadium,Chennai,https://scores.iplt20.com/ipl/playerimages/Shreyas Iyer.png,https://scores.iplt20.com/ipl/playerimages/Ruturaj Gaikwad.png
19,38,Match 39,Chennai Super Kings vs Lucknow Super Giants,Chennai Super Kings,https://scores.iplt20.com/ipl/teamlogos/CSK.png,Lucknow Super Giants,https://scores.iplt20.com/ipl/teamlogos/LSG.png,210/4 (20 overs),213/4 (19.3 overs),Lucknow Super Giants won by 6 wickets,M. A. Chidambaram Stadium,Chennai,https://scores.iplt20.com/ipl/playerimages/Ruturaj Gaikwad.png,https://scores.iplt20.com/ipl/playerimages/KL Rahul.png
20,45,Match 46,Chennai Super Kings vs Sunrisers Hyderabad,Chennai Super Kings,https://scores.iplt20.com/ipl/teamlogos/CSK.png,Sunrisers Hyderabad,https://scores.iplt20.com/ipl/teamlogos/SRH.png,212/3 (20 overs),134 (18.5 overs),Chennai Super Kings won by 78 runs,M. A. Chidambaram Stadium,Chennai,https://scores.iplt20.com/ipl/playerimages/Ruturaj Gaikwad.png,https://scores.iplt20.com/ipl/playerimages/Pat Cummins.png
21,48,Match 49,Chennai Super Kings vs Punjab Kings,Chennai Super Kings,https://scores.iplt20.com/ipl/teamlogos/CSK.png,Punjab Kings,https://scores.iplt20.com/ipl/teamlogos/PBKS.png,162/7 (20 overs),163/3 (17.5 overs),Punjab Kings won by 7 wickets,M. A. Chidambaram Stadium,Chennai,https://scores.iplt20.com/ipl/playerimages/Ruturaj Gaikwad.png,https://scores.iplt20.com/ipl/playerimages/Shikhar Dhawan.png
22,60,Match 61,Rajasthan Royals vs Chennai Super Kings,Rajasthan Royals,https://scores.iplt20.com/ipl/teamlogos/RR.png,Chennai Super Kings,https://scores.iplt20.com/ipl/teamlogos/CSK.png,141/5 (20 overs),145/5 (18.2 overs),Chennai Super Kings won by 5 wickets,M. A. Chidambaram Stadium,Chennai,https://scores.iplt20.com/ipl/playerimages/Sanju Samson.png,https://scores.iplt20.com/ipl/playerimages/Ruturaj Gaikwad.png
23,72,Qualifier 2,Sunrisers Hyderabad vs Rajasthan Royals,Sunrisers Hyderabad,https://scores.iplt20.com/ipl/teamlogos/SRH.png,Rajasthan Royals,https://scores.iplt20.com/ipl/teamlogos/RR.png,175/9 (20 overs),139/7 (20 overs),Sunrisers Hyderabad won by 36 runs,M. A. Chidambaram Stadium,Chennai,https://scores.iplt20.com/ipl/playerimages/Pat Cummins.png,https://scores.iplt20.com/ipl/playerimages/Sanju Samson.png
24,73,Final,Sunrisers Hyderabad vs Kolkata Knight Riders,Sunrisers Hyderabad,https://scores.iplt20.com/ipl/teamlogos/SRH.png,Kolkata Knight Riders,https://scores.iplt20.com/ipl/teamlogos/KKR.png,113 (18.3 overs),114/2 (10.3 overs),Kolkata Knight Riders won by 8 wickets,M. A. Chidambaram Stadium,Chennai,https://scores.iplt20.com/ipl/playerimages/Pat Cummins.png,https://scores.iplt20.com/ipl/playerimages/Shreyas Iyer.png
25,34,Match 35,Sunrisers Hyderabad vs Delhi Capitals,Sunrisers Hyderabad,https://scores.iplt20.com/ipl/teamlogos/SRH.png,Delhi Capitals,https://scores.iplt20.com/ipl/teamlogos/DC.png,266/7 (20 overs),199 (19.1 overs),Sunrisers Hyderabad won by 67 runs,Arun Jaitley Stadium,Delhi,https://scores.iplt20.com/ipl/playerimages/Pat Cummins.png,https://scores.iplt20.com/ipl/playerimages/Rishabh Pant.png
26,39,Match 40,Delhi Capitals vs Gujarat Titans,Delhi Capitals,https://scores.iplt20.com/ipl/teamlogos/DC.png,Gujarat Titans,https://scores.iplt20.com/ipl/teamlogos/GT.png,224/4 (20 overs),220/8 (20 overs),Delhi Capitals won by 4 runs,Arun Jaitley Stadium,Delhi,https://scores.iplt20.com/ipl/playerimages/Rishabh Pant.png,https://scores.iplt20.com/ipl/playerimages/Shubman Gill.png
27,42,Match 43,Delhi Capitals vs Mumbai Indians,Delhi Capitals,https://scores.iplt20.com/ipl/teamlogos/DC.png,Mumbai Indians,https://scores.iplt20.com/ipl/teamlogos/MI.png,257/4 (20 overs),247/9 (20 overs),Delhi Capitals won by 10 runs,Arun Jaitley Stadium,Delhi,https://scores.iplt20.com/ipl/playerimages/Rishabh Pant.png,https://scores.iplt20.com/ipl/playerimages/Hardik Pandya.png
28,55,Match 56,Delhi Capitals vs Rajasthan Royals,Delhi Capitals,https://scores.iplt20.com/ipl/teamlogos/DC.png,Rajasthan Royals,https://scores.iplt20.com/ipl/teamlogos/RR.png,221/8 (20 overs),201/8 (20 overs),Delhi Capitals won by 20 runs,Arun Jaitley Stadium,Delhi,https://scores.iplt20.com/ipl/playerimages/Rishabh Pant.png,https://scores.iplt20.com/ipl/playerimages/Sanju Samson.png
29,63,Match 64,Delhi Capitals vs Lucknow Super Giants,Delhi Capitals,https://scores.iplt20.com/ipl/teamlogos/DC.png,Lucknow Super Giants,https://scores.iplt20.com/ipl/teamlogos/LSG.png,208/4 (20 overs),189/9 (20 overs),Delhi Capitals won by 19 runs,Arun Jaitley Stadium,Delhi,https://scores.iplt20.com/ipl/playerimages/Rishabh Pant.png,https://scores.iplt20.com/ipl/playerimages/KL Rahul.png
30,52,Match 53,Chennai Super Kings vs Punjab Kings,Chennai Super Kings,https://scores.iplt20.com/ipl/teamlogos/CSK.png,Punjab Kings,https://scores.iplt20.com/ipl/teamlogos/PBKS.png,167/9 (20 overs),139/9 (20 overs),Chennai Super Kings won by 28 runs,HPCA Stadium,Dharamshala,https://scores.iplt20.com/ipl/playerimages/Ruturaj Gaikwad.png,https://scores.iplt20.com/ipl/playerimages/Shikhar Dhawan.png
31,57,Match 58,Royal Challengers Bengaluru vs Punjab Kings,Royal Challengers Bengaluru,https://scores.iplt20.com/ipl/teamlogos/RCB.png,Punjab Kings,https://scores.iplt20.com/ipl/teamlogos/PBKS.png,241/7 (20 overs),181 (17 overs),Royal Challengers Bengaluru won by 60 runs,HPCA Stadium,Dharamshala,https://scores.iplt20.com/ipl/playerimages/Faf du Plessis.png,https://scores.iplt20.com/ipl/playerimages/Shikhar Dhawan.png
32,64,Match 65,Rajasthan Royals vs Punjab Kings,Rajasthan Royals,https://scores.iplt20.com/ipl/teamlogos/RR.png,Punjab Kings,https://scores.iplt20.com/ipl/teamlogos/PBKS.png,144/9 (20 overs),145/5 (18.5 overs),Punjab Kings won by 5 wickets,Assam Cricket Association Stadium,Guwahati,https://scores.iplt20.com/ipl/playerimages/Sanju Samson.png,https://scores.iplt20.com/ipl/playerimages/Shikhar Dhawan.png
33,69,Match 70,Rajasthan Royals vs Kolkata Knight Riders,Rajasthan Royals,https://scores.iplt20.com/ipl/teamlogos/RR.png,Kolkata Knight Riders,https://scores.iplt20.com/ipl/teamlogos/KKR.png,0/0 (0 overs),0/0 (0 overs),Match abandoned,Assam Cricket Association Stadium,Guwahati,https://scores.iplt20.com/ipl/playerimages/Sanju Samson.png,https://scores.iplt20.com/ipl/playerimages/Shreyas Iyer.png
34,7,Match 8,Sunrisers Hyderabad vs Mumbai Indians,Sunrisers Hyderabad,https://scores.iplt20.com/ipl/teamlogos/SRH.png,Mumbai Indians,https://scores.iplt20.com/ipl/teamlogos/MI.png,277/3 (20 overs),246/5 (20 overs),Sunrisers Hyderabad won by 31 runs,Rajiv Gandhi International Cricket Stadium,Hyderabad,https://scores.iplt20.com/ipl/playerimages/Pat Cummins.png,https://scores.iplt20.com/ipl/playerimages/Hardik Pandya.png
35,17,Match 18,Chennai Super Kings vs Sunrisers Hyderabad,Chennai Super Kings,https://scores.iplt20.com/ipl/teamlogos/CSK.png,Sunrisers Hyderabad,https://scores.iplt20.com/ipl/teamlogos/SRH.png,165/5 (20 overs),166/4 (18.1 overs),Sunrisers Hyderabad won by 6 wickets,Rajiv Gandhi International Cricket Stadium,Hyderabad,https://scores.iplt20.com/ipl/playerimages/Ruturaj Gaikwad.png,https://scores.iplt20.com/ipl/playerimages/Pat Cummins.png
36,40,Match 41,Royal Challengers Bengaluru vs Sunrisers Hyderabad,Royal Challengers Bengaluru,https://scores.iplt20.com/ipl/teamlogos/RCB.png,Sunrisers Hyderabad,https://scores.iplt20.com/ipl/teamlogos/SRH.png,206/7 (20 overs),171/8 (20 overs),Royal Challengers Bengaluru won by 35 runs,Rajiv Gandhi International Cricket Stadium,Hyderabad,https://scores.iplt20.com/ipl/playerimages/Faf du Plessis.png,https://scores.iplt20.com/ipl/playerimages/Pat Cummins.png
37,49,Match 50,Sunrisers Hyderabad vs Rajasthan Royals,Sunrisers Hyderabad,https://scores.iplt20.com/ipl/teamlogos/SRH.png,Rajasthan Royals,https://scores.iplt20.com/ipl/teamlogos/RR.png,201/3 (20 overs),200/7 (20 overs),Sunrisers Hyderabad won by 1 run,Rajiv Gandhi International Cricket Stadium,Hyderabad,https://scores.iplt20.com/ipl/playerimages/Pat Cummins.png,https://scores.iplt20.com/ipl/playerimages/Sanju Samson.png
38,56,Match 57,Lucknow Super Giants vs Sunrisers Hyderabad,Lucknow Super Giants,https://scores.iplt20.com/ipl/teamlogos/LSG.png,Sunrisers Hyderabad,https://scores.iplt20.com/ipl/teamlogos/SRH.png,165/4 (20 overs),167/0 (9.4 overs),Sunrisers Hyderabad won by 10 wickets,Rajiv Gandhi International Cricket Stadium,Hyderabad,https://scores.iplt20.com/ipl/playerimages/KL Rahul.png,https://scores.iplt20.com/ipl/playerimages/Pat Cummins.png
39,65,Match 66,Sunrisers Hyderabad vs Gujarat Titans,Sunrisers Hyderabad,https://scores.iplt20.com/ipl/teamlogos/SRH.png,Gujarat Titans,https://scores.iplt20.com/ipl/teamlogos/GT.png,0/0 (0 overs),0/0 (0 overs),Match abandoned,Rajiv Gandhi International Cricket Stadium,Hyderabad,https://scores.iplt20.com/ipl/playerimages/Pat Cummins.png,https://scores.iplt20.com/ipl/playerimages/Shubman Gill.png
40,68,Match 69,Punjab Kings vs Sunrisers Hyderabad,Punjab Kings,https://scores.iplt20.com/ipl/teamlogos/PBKS.png,Sunrisers Hyderabad,https://scores.iplt20.com/ipl/teamlogos/SRH.png,214/5 (20 overs),215/6 (19.1 overs),Sunrisers Hyderabad won by 4 wickets,Rajiv Gandhi International Cricket Stadium,Hyderabad,https://scores.iplt20.com/ipl/playerimages/Shikhar Dhawan.png,https://scores.iplt20.com/ipl/playerimages/Pat Cummins.png
41,3,Match 4,Rajasthan Royals vs Lucknow Super Giants,Rajasthan Royals,https://scores.iplt20.com/ipl/teamlogos/RR.png,Lucknow Super Giants,https://scores.iplt20.com/ipl/teamlogos/LSG.png,193/4 (20 overs),173/6 (20 overs),Rajasthan Royals won by 20 runs,Sawai Mansingh Stadium,Jaipur,https://scores.iplt20.com/ipl/playerimages/Sanju Samson.png,https://scores.iplt20.com/ipl/playerimages/KL Rahul.png
42,8,Match 9,Rajasthan Royals vs Delhi Capitals,Rajasthan Royals,https://scores.iplt20.com/ipl/teamlogos/RR.png,Delhi Capitals,https://scores.iplt20.com/ipl/teamlogos/DC.png,185/5 (20 overs),173/5 (20 overs),Rajasthan Royals won by 12 runs,Sawai Mansingh Stadium,Jaipur,https://scores.iplt20.com/ipl/playerimages/Sanju Samson.png,https://scores.iplt20.com/ipl/playerimages/Rishabh Pant.png
43,18,Match 19,Royal Challengers Bengaluru vs Rajasthan Royals,Royal Challengers Bengaluru,https://scores.iplt20.com/ipl/teamlogos/RCB.png,Rajasthan Royals,https://scores.iplt20.com/ipl/teamlogos/RR.png,183/3 (20 overs),189/4 (19.1 overs),Rajasthan Royals won by 6 wickets,Sawai Mansingh Stadium,Jaipur,https://scores.iplt20.com/ipl/playerimages/Faf du Plessis.png,https://scores.iplt20.com/ipl/playerimages/Sanju Samson.png
44,23,Match 24,Rajasthan Royals vs Gujarat Titans,Rajasthan Royals,https://scores.iplt20.com/ipl/teamlogos/RR.png,Gujarat Titans,https://scores.iplt20.com/ipl/teamlogos/GT.png,196/3 (20 overs),199/7 (20 overs),Gujarat Titans won by 3 wickets,Sawai Mansingh Stadium,Jaipur,https://scores.iplt20.com/ipl/playerimages/Sanju Samson.png,https://scores.iplt20.com/ipl/playerimages/Shubman Gill.png
45,37,Match 38,Mumbai Indians vs Rajasthan Royals,Mumbai Indians,https://scores.iplt20.com/ipl/teamlogos/MI.png,Rajasthan Royals,https://scores.iplt20.com/ipl/teamlogos/RR.png,179/9 (20 overs),183/1 (18.4 overs),Rajasthan Royals won by 9 wickets,Sawai Mansingh Stadium,Jaipur,https://scores.iplt20.com/ipl/playerimages/Hardik Pandya.png,https://scores.iplt20.com/ipl/playerimages/Sanju Samson.png
46,2,Match 3,Kolkata Knight Riders vs Sunrisers Hyderabad,Kolkata Knight Riders,https://scores.iplt20.com/ipl/teamlogos/KKR.png,Sunrisers Hyderabad,https://scores.iplt20.com/ipl/teamlogos/SRH.png,208/7 (20 overs),204/7 (20 overs),Kolkata Knight Riders won by 4 runs,Eden Gardens,Kolkata,https://scores.iplt20.com/ipl/playerimages/Shreyas Iyer.png,https://scores.iplt20.com/ipl/playerimages/Pat Cummins.png
47,27,Match 28,Lucknow Super Giants vs Kolkata Knight Riders,Lucknow Super Giants,https://scores.iplt20.com/ipl/teamlogos/LSG.png,Kolkata Knight Riders,https://scores.iplt20.com/ipl/teamlogos/KKR.png,161/7 (20 overs),162/2 (15.4 overs),Kolkata Knight Riders won by 8 wickets,Eden Gardens,Kolkata,https://scores.iplt20.com/ipl/playerimages/KL Rahul.png,https://scores.iplt20.com/ipl/playerimages/Shreyas Iyer.png
48,30,Match 31,Kolkata Knight Riders vs Rajasthan Royals,Kolkata Knight Riders,https://scores.iplt20.com/ipl/teamlogos/KKR.png,Rajasthan Royals,https://scores.iplt20.com/ipl/teamlogos/RR.png,223/6 (20 overs),224/8 (20 overs),Rajasthan Royals won by 2 wickets,Eden Gardens,Kolkata,https://scores.iplt20.com/ipl/playerimages/Shreyas Iyer.png,https://scores.iplt20.com/ipl/playerimages/Sanju Samson.png
49,35,Match 36,Kolkata Knight Riders vs Royal Challengers Bengaluru,Kolkata Knight Riders,https://scores.iplt20.com/ipl/teamlogos/KKR.png,Royal Challengers Bengaluru,https://scores.iplt20.com/ipl/teamlogos/RCB.png,222/6 (20 overs),221 (20 overs),Kolkata Knight Riders won by 1 run,Eden Gardens,Kolkata,https://scores.iplt20.com/ipl/playerimages/Shreyas Iyer.png,https://scores.iplt20.com/ipl/playerimages/Faf du Plessis.png
50,41,Match 42,Kolkata Knight Riders vs Punjab Kings,Kolkata Knight Riders,https://scores.iplt20.com/ipl/teamlogos/KKR.png,Punjab Kings,https://scores.iplt20.com/ipl/teamlogos/PBKS.png,261/6 (20 overs),262/2 (18.4 overs),Punjab Kings won by 8 wickets,Eden Gardens,Kolkata,https://scores.iplt20.com/ipl/playerimages/Shreyas Iyer.png,https://scores.iplt20.com/ipl/playerimages/Shikhar Dhawan.png
51,46,Match 47,Delhi Capitals vs Kolkata Knight Riders,Delhi Capitals,https://scores.iplt20.com/ipl/teamlogos/DC.png,Kolkata Knight Riders,https://scores.iplt20.com/ipl/teamlogos/KKR.png,153/9 (20 overs),157/3 (16.3 overs),Kolkata Knight Riders won by 7 wickets,Eden Gardens,Kolkata,https://scores.iplt20.com/ipl/playerimages/Rishabh Pant.png,https://scores.iplt20.com/ipl/playerimages/Shreyas Iyer.png
52,59,Match 60,Kolkata Knight Riders vs Mumbai Indians,Kolkata Knight Riders,https://scores.iplt20.com/ipl/teamlogos/KKR.png,Mumbai Indians,https://scores.iplt20.com/ipl/teamlogos/MI.png,157/7 (16 overs),139/8 (16 overs),Kolkata Knight Riders won by 18 runs,Eden Gardens,Kolkata,https://scores.iplt20.com/ipl/playerimages/Shreyas Iyer.png,https://scores.iplt20.com/ipl/playerimages/Hardik Pandya.png
53,10,Match 11,Lucknow Super Giants vs Punjab Kings,Lucknow Super Giants,https://scores.iplt20.com/ipl/teamlogos/LSG.png,Punjab Kings,https://scores.iplt20.com/ipl/teamlogos/PBKS.png,199/8 (20 overs),178/5 (20 overs),Lucknow Super Giants won by 21 runs,BRSABV Ekana Cricket Stadium,Lucknow,https://scores.iplt20.com/ipl/playerimages/KL Rahul.png,https://scores.iplt20.com/ipl/playerimages/Shikhar Dhawan.png
54,20,Match 21,Lucknow Super Giants vs Gujarat Titans,Lucknow Super Giants,https://scores.iplt20.com/ipl/teamlogos/LSG.png,Gujarat Titans,https://scores.iplt20.com/ipl/teamlogos/GT.png,163/5 (20 overs),130 (18.5 overs),Lucknow Super Giants won by 33 runs,BRSABV Ekana Cricket Stadium,Lucknow,https://scores.iplt20.com/ipl/playerimages/KL Rahul.png,https://scores.iplt20.com/ipl/playerimages/Shubman Gill.png
55,25,Match 26,Lucknow Super Giants vs Delhi Capitals,Lucknow Super Giants,https://scores.iplt20.com/ipl/teamlogos/LSG.png,Delhi Capitals,https://scores.iplt20.com/ipl/teamlogos/DC.png,167/7 (20 overs),170/4 (18.1 overs),Delhi Capitals won by 6 wickets,BRSABV Ekana Cricket Stadium,Lucknow,https://scores.iplt20.com/ipl/playerimages/KL Rahul.png,https://scores.iplt20.com/ipl/playerimages/Rishabh Pant.png
56,33,Match 34,Chennai Super Kings vs Lucknow Super Giants,Chennai Super Kings,https://scores.iplt20.com/ipl/teamlogos/CSK.png,Lucknow Super Giants,https://scores.iplt20.com/ipl/teamlogos/LSG.png,176/6 (20 overs),180/2 (19 overs),Lucknow Super Giants won by 8 wickets,BRSABV Ekana Cricket Stadium,Lucknow,https://scores.iplt20.com/ipl/playerimages/Ruturaj Gaikwad.png,https://scores.iplt20.com/ipl/playerimages/KL Rahul.png
57,43,Match 44,Lucknow Super Giants vs Rajasthan Royals,Lucknow Super Giants,https://scores.iplt20.com/ipl/teamlogos/LSG.png,Rajasthan Royals,https://scores.iplt20.com/ipl/teamlogos/RR.png,196/5 (20 overs),199/3 (19 overs),Rajasthan Royals won by 7 wickets,BRSABV Ekana Cricket Stadium,Lucknow,https://scores.iplt20.com/ipl/playerimages/KL Rahul.png,https://scores.iplt20.com/ipl/playerimages/Sanju Samson.png
58,47,Match 48,Mumbai Indians vs Lucknow Super Giants,Mumbai Indians,https://scores.iplt20.com/ipl/teamlogos/MI.png,Lucknow Super Giants,https://scores.iplt20.com/ipl/teamlogos/LSG.png,144/7 (20 overs),145/6 (19.2 overs),Lucknow Super Giants won by 4 wickets,BRSABV Ekana Cricket Stadium,Lucknow,https://scores.iplt20.com/ipl/playerimages/Hardik Pandya.png,https://scores.iplt20.com/ipl/playerimages/KL Rahul.png
59,53,Match 54,Kolkata Knight Riders vs Lucknow Super Giants,Kolkata Knight Riders,https://scores.iplt20.com/ipl/teamlogos/KKR.png,Lucknow Super Giants,https://scores.iplt20.com/ipl/teamlogos/LSG.png,235/6 (20 overs),137 (16.1 overs),Kolkata Knight Riders won by 98 runs,BRSABV Ekana Cricket Stadium,Lucknow,https://scores.iplt20.com/ipl/playerimages/Shreyas Iyer.png,https://scores.iplt20.com/ipl/playerimages/KL Rahul.png
60,1,Match 2,Delhi Capitals vs Punjab Kings,Delhi Capitals,https://scores.iplt20.com/ipl/teamlogos/DC.png,Punjab Kings,https://scores.iplt20.com/ipl/teamlogos/PBKS.png,174/9 (20 overs),177/6 (19.2 overs),Punjab Kings won by 4 wickets,Maharaja Yadavindra Singh International Cricket Stadium,Mullanpur,https://scores.iplt20.com/ipl/playerimages/Rishabh Pant.png,https://scores.iplt20.com/ipl/playerimages/Shikhar Dhawan.png
61,22,Match 23,Sunrisers Hyderabad vs Punjab Kings,Sunrisers Hyderabad,https://scores.iplt20.com/ipl/teamlogos/SRH.png,Punjab Kings,https://scores.iplt20.com/ipl/teamlogos/PBKS.png,182/9 (20 overs),180/6 (20 overs),Sunrisers Hyderabad won by 2 runs,Maharaja Yadavindra Singh International Cricket Stadium,Mullanpur,https://scores.iplt20.com/ipl/playerimages/Pat Cummins.png,https://scores.iplt20.com/ipl/playerimages/Shikhar Dhawan.png
62,26,Match 27,Punjab Kings vs Rajasthan Royals,Punjab Kings,https://scores.iplt20.com/ipl/teamlogos/PBKS.png,Rajasthan Royals,https://scores.iplt20.com/ipl/teamlogos/RR.png,147/8 (20 overs),152/7 (19.5 overs),Rajasthan Royals won by 3 wickets,Maharaja Yadavindra Singh International Cricket Stadium,Mullanpur,https://scores.iplt20.com/ipl/playerimages/Shikhar Dhawan.png,https://scores.iplt20.com/ipl/playerimages/Sanju Samson.png
63,32,Match 33,Mumbai Indians vs Punjab Kings,Mumbai Indians,https://scores.iplt20.com/ipl/teamlogos/MI.png,Punjab Kings,https://scores.iplt20.com/ipl/teamlogos/PBKS.png,192/7 (20 overs),183 (19.1 overs),Mumbai Indians won by 9 runs,Maharaja Yadavindra Singh International Cricket Stadium,Mullanpur,https://scores.iplt20.com/ipl/playerimages/Hardik Pandya.png,https://scores.iplt20.com/ipl/playerimages/Shikhar Dhawan.png
64,36,Match 37,Punjab Kings vs Gujarat Titans,Punjab Kings,https://scores.iplt20.com/ipl/teamlogos/PBKS.png,Gujarat Titans,https://scores.iplt20.com/ipl/teamlogos/GT.png,142 (20 overs),146/7 (19.1 overs),Gujarat Titans won by 3 wickets,Maharaja Yadavindra Singh International Cricket Stadium,Mullanpur,https://scores.iplt20.com/ipl/playerimages/Shikhar Dhawan.png,https://scores.iplt20.com/ipl/playerimages/Shubman Gill.png
65,13,Match 14,Mumbai Indians vs Rajasthan Royals,Mumbai Indians,https://scores.iplt20.com/ipl/teamlogos/MI.png,Rajasthan Royals,https://scores.iplt20.com/ipl/teamlogos/RR.png,125/9 (20 overs),127/4 (15.3 overs),Rajasthan Royals won by 6 wickets,Wankhede Stadium,Mumbai,https://scores.iplt20.com/ipl/playerimages/Hardik Pandya.png,https://scores.iplt20.com/ipl/playerimages/Sanju Samson.png
66,19,Match 20,Mumbai Indians vs Delhi Capitals,Mumbai Indians,https://scores.iplt20.com/ipl/teamlogos/MI.png,Delhi Capitals,https://scores.iplt20.com/ipl/teamlogos/DC.png,234/5 (20 overs),205/8 (20 overs),Mumbai Indians won by 29 runs,Wankhede Stadium,Mumbai,https://scores.iplt20.com/ipl/playerimages/Hardik Pandya.png,https://scores.iplt20.com/ipl/playerimages/Rishabh Pant.png
67,24,Match 25,Royal Challengers Bengaluru vs Mumbai Indians,Royal Challengers Bengaluru,https://scores.iplt20.com/ipl/teamlogos/RCB.png,Mumbai Indians,https://scores.iplt20.com/ipl/teamlogos/MI.png,196/8 (20 overs),199/3 (15.3 overs),Mumbai Indians won by 7 wickets,Wankhede Stadium,Mumbai,https://scores.iplt20.com/ipl/playerimages/Faf du Plessis.png,https://scores.iplt20.com/ipl/playerimages/Hardik Pandya.png
68,28,Match 29,Chennai Super Kings vs Mumbai Indians,Chennai Super Kings,https://scores.iplt20.com/ipl/teamlogos/CSK.png,Mumbai Indians,https://scores.iplt20.com/ipl/teamlogos/MI.png,206/4 (20 overs),186/6 (20 overs),Chennai Super Kings won by 20 runs,Wankhede Stadium,Mumbai,https://scores.iplt20.com/ipl/playerimages/Ruturaj Gaikwad.png,https://scores.iplt20.com/ipl/playerimages/Hardik Pandya.png
69,50,Match 51,Kolkata Knight Riders vs Mumbai Indians,Kolkata Knight Riders,https://scores.iplt20.com/ipl/teamlogos/KKR.png,Mumbai Indians,https://scores.iplt20.com/ipl/teamlogos/MI.png,169 (19.5 overs),145 (18.5 overs),Kolkata Knight Riders won by 24 runs,Wankhede Stadium,Mumbai,https://scores.iplt20.com/ipl/playerimages/Shreyas Iyer.png,https://scores.iplt20.com/ipl/playerimages/Hardik Pandya.png
70,54,Match 55,Sunrisers Hyderabad vs Mumbai Indians,Sunrisers Hyderabad,https://scores.iplt20.com/ipl/teamlogos/SRH.png,Mumbai Indians,https://scores.iplt20.com/ipl/teamlogos/MI.png,173/8 (20 overs),174/3 (17.2 overs),Mumbai Indians won by 7 wickets,Wankhede Stadium,Mumbai,https://scores.iplt20.com/ipl/playerimages/Pat Cummins.png,https://scores.iplt20.com/ipl/playerimages/Hardik Pandya.png
71,66,Match 67,Lucknow Super Giants vs Mumbai Indians,Lucknow Super Giants,https://scores.iplt20.com/ipl/teamlogos/LSG.png,Mumbai Indians,https://scores.iplt20.com/ipl/teamlogos/MI.png,214/6 (20 overs),196/6 (20 overs),Lucknow Super Giants won by 18 runs,Wankhede Stadium,Mumbai,https://scores.iplt20.com/ipl/playerimages/KL Rahul.png,https://scores.iplt20.com/ipl/playerimages/Hardik Pandya.png
72,12,Match 13,Delhi Capitals vs Chennai Super Kings,Delhi Capitals,https://scores.iplt20.com/ipl/teamlogos/DC.png,Chennai Super Kings,https://scores.iplt20.com/ipl/teamlogos/CSK.png,191/5 (20 overs),171/6 (20 overs),Delhi Capitals won by 20 runs,ACA-VDCA Cricket Stadium,Visakhapatnam,https://scores.iplt20.com/ipl/playerimages/Rishabh Pant.png,https://scores.iplt20.com/ipl/playerimages/Ruturaj Gaikwad.png
73,15,Match 16,Kolkata Knight Riders vs Delhi Capitals,Kolkata Knight Riders,https://scores.iplt20.com/ipl/teamlogos/KKR.png,Delhi Capitals,https://scores.iplt20.com/ipl/teamlogos/DC.png,272/7 (20 overs),166 (17.2 overs),Kolkata Knight Riders won by 106 runs,ACA-VDCA Cricket Stadium,Visakhapatnam,https://scores.iplt20.com/ipl/playerimages/Shreyas Iyer.png,https://scores.iplt20.com/ipl/playerimages/Rishabh Pant.png
